name,cat,kcal,carbs,fiber,fats,protein,vegan,vegetarian,allergies,instructions,ingredients,instructions_2,,,,,,,
"Pindakaas, honing en haver ontbijt smoothie",Ontbijt,697,110.6,14.6,15.6,41.1,yes,yes,,De aanwijzingen zijn gebaseerd op het originele recept van 1 portie 1. Combineer alle ingrediënten in een blender en pulseer tot een gladde massa. Serveer en geniet!,"1 kop Havermout (80 gram)
1 schep Whey-eiwit poeder (30 gram) 
1 middelgrote banaan (118 gram) 
1 1/2 eetlepel Pindakaas (24 gram) 
1 eetlepel Honing (21 gram) 
1 kopje Water (237 gram) ",,,,,,,,
Bosbessen Banaan Havermout,Ontbijt,733,122.2,18.9,12.8,42.2,yes,yes,,"1. Doe de banaan, yoghurt, amandelmelk en proteïne poeder in een blender en mix tot een glad mengsel. Giet het mengsel in een kom en roer de havermout erdoor, dek af en zet minstens 4 uur in de koelkast, bij voorkeur een nacht. 

2. Als je klaar bent om te eten, kun je de noten, blauwe bessen en frambozen toevoegen. Eet smakelijk!","1 middelgrote banaan (118 gram) 
Yoghurt (81,7 gram) 
1 kop amandelmelk (240 gram) 
1 maatschep (30 gram) Wei-eiwit poeder (30 gram) 
1 1/4 kop Gerolde haver (100 gram) 
1 el Pistachenoten (7,7 gram) 
Bosbessen (bevroren) (18,9 gram)
Frambozen (Bevroren) (23.1 gram) ",,,,,,,,
Bosbessen shake,Ontbijt,725,96.8,16.4,16.8,53.7,yes,yes,,"1. LET OP: GEBRUIK VANILLE PROTEÏNE. Doe alles in je blender en mix op hoog tot de havermout gemalen is tot de consistentie die jij lekker vindt. Gebruik 1 lepel van het eiwitpoeder dat je koopt - dit is de voedingsstoffen verdeling van mijn merk.

2. Voeg lijnzaad toe als je je vetinname wilt verhogen.","1 kop Havermout (80 gram)
1 kopje bevroren bosbessen, wild (140 gram)
Melk (250 gram)
40 gram Wei-eiwitpoeder (40 gram)
1 el pindakaas (16 gram)",,,,,,,,
Havermout Banaan Pindakaas Chocolade Shake,Ontbijt,670,69.5,9.4,19.8,60.8,yes,yes,,"1. Doe alle ingrediënten in de blender. Blend tot een gladde massa.

2. Gebruik ongezoete amandelmelk (30 calorieën, 1 g koolhydraten, 1 g eiwitten, 0 g vet per kopje) in plaats van water als je de voorkeur geeft aan een romigere shake.","60 gram whey-eiwitpoeder (60 gram)
1 middelgrote Banaan (100 gram)
Havermout (40 gram)
2 eetlepels pindakaas (glad, zonder zout) (32 gram)
2 kop Water (500 ml)",,,,,,,,
Fruit Parfait,Ontbijt,856,100.4,15.1,38.7,31,yes,yes,,"1. Snijd de banaan in plakjes en de aardbeien in kwarten en doe ze in een kom.

2. Voeg yoghurt toe en vervolgens blauwe bessen.

3. Werk af met granola als je klaar bent om te eten. Eet smakelijk!","1 middelgrote banaan (100 gram)
1 kop, helften Aardbeien (150 gram)
Griekse yoghurt (250 gram)
1 kopje Bosbessen (150 gram)
1/2 kopje Granola (60 gram)",,,,,,,,
"Yoghurt, fruit en granen",Ontbijt,851,134.1,13.9,30.8,26.3,yes,yes,,1. Meng alles en serveer koud,"Yoghurt (113 gram)
1/2 middelgrote banaan
4 middelgrote aardbeien (50 gram)
1/4 kop Havermout (20 gram)
50 gram Gemengd fruit
50 gram Gemengde noten
3 el Honing (60 gram)",,,,,,,,
Banaan havermout smoothie,Ontbijt,717,95.6,12.3,18.7,50.7,yes,yes,,1. Gooi alles in een blender en mix. Voeg wat ijsblokjes toe als je het kouder en minder dik wilt.,"1/2 middelgrote banaan
Melk (350 gram)
Havermout (80 gram)
1 el pindakaas (20 gram)
Wei-eiwit poeder (30 gram)",,,,,,,,
Chocolade Haver,Ontbijt,397,66.3,8.5,3.1,32.3,yes,yes,,"1. Breng 2/3 kopje water en zout aan de kook op hoog vuur. Zet het vuur laag en voeg havermout toe. Kook tot het bijna dik is, ongeveer 3 minuten. Voeg zoetstof en cacao toe. Roer en kook tot het dik is, nog ongeveer 30 seconden.

2. Haal van het vuur, doe over in een kom en meng weipoeder erdoor. Serveer met de gewenste toppings en geniet!","Water (160 ml)
1/4 theelepel Zout (1,5 gram)
Havermout (60 gram)
2 el Bruine suiker (20 gram)
2 theelepels Cacao (3,6 gram)
Wei-eiwit poeder (30 gram)",,,,,,,,
Hanenbroodje,Ontbijt,528,25.3,3.4,30.3,37,,,,"1. Verhit plantaardige olie in een koekenpan op middelhoog vuur. Kluts de eieren.

2. Voeg, zodra de eieren beginnen te stollen, worst en kaas toe en bak tot alles gaar is en door elkaar is geroerd.

3. Rooster brood, beleg één snee met eimengsel en beleg met de rest van het brood om een sandwich te maken.","1 theelepel plantaardige olie (5 gram)
2 grote eieren
Kalkoen worst (60 gram)
2 sneetjes volkorenbrood
1 plak Cheddar kaas (30 gram)",,,,,,,,
Kaneel Appel Proteïne Havermout,lunch/ontbijt,274, 43.1,9,4.7,17.5,yes,yes,,"1. Voeg voor de havermout melk, havermout en kaneel toe aan een kleine pan. Breng het aan de kook, zet het vuur laag en laat het 7-10 minuten koken, of tot de havermout zacht is en de gewenste consistentie is bereikt. Roer eiwitpoeder en gehakte appel erdoor. Eet smakelijk!","35 gram Gerolde haver
1 theelepel kaneel (3 gram)
Wei-eiwitpoeder (15 gram)
1/2 middelgrote appel
125 gram ongezoete amandelmelk",,,,,,,,
Banaan Mango Yoghurt Smoothie,lunch/ontbijt,154,24.4,2.9,0.6,15.5,yes,yes,,1. Doe alle ingrediënten in een blender en pulseer tot een gladde massa. Geniet!,"1/2 kleine banaan (50 gram)
Water (40 ml)
1/2 yoghurt (10 gram)
1/2 kopje in plakjes gesneden mango's (80 gram)
100 gram ijsblokjes
Vanille Eiwitpoeder (Kies een smaak naar keuze) (15 gram)",,,,,,,,
Ochtend Fruitige Eiwitshake,lunch/ontbijt,325,42,5,5.6,29.5,yes,yes,,1. Doe alle ingrediënten in een blender en pulseer tot een gladde massa. Geniet!,"1/2 kop Melk (120 ml)
Wei-eiwit poeder (30 gram)
Bosbessen (30 gram)
Frambozen (20 gram)
1 middelgrote banaan",,,,,,,,
Amandel Pancakes,lunch/ontbijt,316,46,2.7,12.4,7.7,,yes,,"1 Combineer alle ingrediënten (behalve ahornsiroop) in een kom en meng grondig.

2 Verhit een pan en bestrijk deze met anti aanbakspray.

3 Schep het beslag in de pan tot de gewenste pannenkoek grootte.

4 Draai de pannenkoek om als er belletjes verschijnen en bruin gelijkmatig aan de andere kant.

5 Serveer warm met ahornsiroop. Eet smakelijk!","20 g amandelmeel
1/2 middelgrote ei (22 g)
0,6 g baking soda
1 g Kaneel
21 g Honing
35 g Ahornstroop
30 g Amandelmelk",,,,,,,,
Amandelen en bosbessen Yoghurt,lunch/ontbijt,218,19.8,3.3,6.9,21.4,yes,yes,,"1 Doe de yoghurt in een kom en top af met de blauwe bessen, gevolgd door de in plakjes gesneden amandelen. 

2 Eet smakelijk!","270 g yoghurt
111 g Bosbessen
15 Amandelen (18 g)",,,,,,,,
Banaan Mango Yoghurt Smoothie,lunch/ontbijt,154,24.4,2.9,0.6,15.5,yes,yes,,"1 Doe alle ingrediënten in een blender en blend tot het een mengsel is. 

2 Geniet ervan!       ","1 kleine Banaan (100 g)
80 g Water
15 g Yoghurt
165 g Mango
10 ijsblokjes (200) g)
1 scoop Whey Protein (30 g) | Smaak naar keuze",,,,,,,,
"Smoothie van banaan, haver en chia",lunch/ontbijt,352,56.7,8.4,8.2,17.4,yes,Yes,,"1 Doe alle ingrediënten in een blender en blend tot het een mengsel is. 

2 Geniet!    ","1 medium Banaan (118 g)
245 g Yoghurt
0,5 g Stevia zoetstof
10 g Havermout(Snelle haver)
12 g Chia zaden",,,,,,,,
Banaan havermout smoothie,lunch/ontbijt,571,69.3,13.6,16.7,38.8,yes,yes,,"1 Doe alle ingrediënten in een blender en blend tot het een mengsel is. 

2 Geniet ervan! ","350 gram ongezoete amandelmelk
1/2 middelgrote banaan (59 g)
65 gram Havermout
10 gram Pindakaas
Whey eiwitpoeder (30 g), smaak naar keuze",,,,,,,,
Banaan proteïne pannenkoeken,lunch/ontbijt,152,16.2,1.5, 3.1,15.8,,yes,,"1 Meng in een kom eiwitpoeder, bakpoeder en stevia
samen.

2 Pureer in een aparte kom de banaan tot hij grof is. Voeg een ei bij de banaan en roer tot het gemengd is.

3 Voeg de gedroogde ingrediënten toe aan het bananenmengsel. Roer even door. Banaan zal de mix vloeibaar maken.

4 Giet over hete bakplaat en maak kleine rondjes. Bak elke kant ongeveer 2 minuten.

5 Serveer en geniet!","1 groot ei (50 g)
1 schepje Whey proteïne poeder (30 g)
1 middelgrote bananen (118 g)
1 zakjes Stevia (2 g)
4 g Bakpoeder",,,,,,,,
Broodje tonijn barbecue saus,Lunch,315,33.7,1.9,4.3,36.2,,,,"1 Pak je blikje tonijn en laat het uitlekken, doe het dan in een kom. Doe 4 eetlepels van je BBQ-saus op de tonijn en meng goed.

2 Zet de kom in de magnetron met een papieren handdoek erover (om alles schoon te houden) voor 1 minuut. Haal uit de magnetron en leg op je broodje, je hebt nu pulled tuna! Het smaakt naar pulled pork, dus geniet ervan! Rooster het broodje voor een knapperiger broodje.","1 broodje Hamburger (43 g)
1 blikje Tonijn (165 g)
20 gram Barbecuesaus",,,,,,,,
"Basis kalkoen, rijst en broccoli",Lunch/avondeten,863,102.4,11.4,29.2,49,,,,"1 Bereid de rijst volgens de aanwijzingen op de verpakking.

2 Verhit een pan op middelhoog vuur en bak de kalkoen tot hij gaar is, niet meer roze is en de sappen helder zijn. Zet broccoli in de magnetron voor 4-8 minuten, tot ze zacht zijn.

3 Doe alles bij elkaar in de pan, giet de room erover en breng op smaak naar wens.
Breng aan de kook en laat sudderen tot de room licht is ingedikt. Serveer over rijst en geniet!","100 g Witte rijst
200 g Kalkoenfilet (gehakt)
240 g Broccoli
80 g Lichte room
2.1 g Peper",,,,,,,,
BBQ Kip Pita Pizza,Lunch/avondeten,798,63.6,6.9,30.4,68,,,,"1 Verhit olie in een pan op middelhoog vuur. Voeg kip toe en bak  tot de kip gaar en niet meer roze is. Laat 5 minuten rusten voordat je de kip in hapklare stukken snijdt. Zet apart.

2 Snijd pitabroodjes in twee grote helften.
Grill of bak de binnenkant van de pitahelften tot ze licht geroosterd zijn.

3 Gebruik op elke pitahalf 1 eetlepel BBQ-saus, verspreid als pizzasaus. Leg er gelijke porties kip, uien, paprika en koriander op. 

4 Beleg met gelijke porties kaas.

5 Bak de pizzettehelften op de grill of onder de grill (op een lage stand) tot ze knapperig zijn of tot je ze lekker vindt.

6 Garneer met koriander.

7 Eet smakelijk","14 g Olijfolie
1 kipfilet (236 g)
1 pita, groot (64 g)
35 g Barbecuesaus
80 g Rode ui
1/2 Gele paprika (93 g) 
28 g geraspte kaas
1 g Verse koriander",,,,,,,,
Eiwitrijke kip Alfredo,lunch/avondeten,1027,122.5,13.8,24.5,81.4,,,,"1 Kook eerst de pasta volgens de aanwijzingen op de verpakking en zet apart.

2 Verhit olie in een koekenpan op middelhoog vuur. Voeg knoflook en gemengde groenten toe en bak.

3 Snijd de kip in reepjes en voeg toe aan de pan.

4 Bak de kip tot deze gaar en niet meer roze.

5 Voeg de kazen toe aan de mix en laat sudderen tot het zacht en gemengd is.

6 Schep de mix door de voorgekookte pasta.

7 Eet smakelijk!","10 gram olijfolie
2 teentjes fijngehakte knoflook (6 g)
340 g Gemengde groenten
200 gram Kipfilet
30 g Roomkaas
70 g Cottage cheese
5 g Parmezaanse kaas
90 gram Volkoren pasta",,,,,,,,
Milanese kip,Lunch/avondeten,1065,115.2,8.6,41.9,56.5,,,,"1 Meng voor de saus mayonaise, zure room, 1/2 van de citroenschil en citroensap; zet apart.

2 Klop de eieren los in een grote ondiepe kom; zet apart.

3 Roer in de 2e kom broodkruimels, parmezaan, de overgebleven citroenschil, oregano, 1 theelepel zout en 1/2 van de peper door elkaar. 

4 Klop in de 3e kom de bloem, het resterende zout en de resterende peper door elkaar.

5 Snijd de kipfilethelften horizontaal in drieën. Sla zodat ze gelijke dikte hebben. 

6 Wentel ze eerst door de bloem, dan door de eieren en dan door het broodkruimelmengsel.

7 Giet olie in een koekenpan en verhit tot het heet is op middelhoog vuur, maar niet rookt. Voeg de kip in porties toe en bak tot ze goudbruin en knapperig zijn. Doe over op keukenpapier om uit te lekken. Bestrooi met zout en serveer. 

8 Eet smakelijk!","60 g Mayonaise-achtige dressing
55 g Zure room
1 Citroenschil (4 g)
1/2 citroen levert Citroensap op (24 g)
1 groot ei (50 g)
110 g Broodkruimels
12 g Parmezaanse kaas
0,8 g Oregano
3 g Zout
0,5 g Peper
30 g Tarwebloem
1/2  Kipfilet (120 g)",,,,,,,,
Rundvlees en rijst,Lunch/avondeten,632,75.9,0.5,21,32.5,,,,"1 Bereid de rijst volgens de aanwijzingen op de verpakking; zet apart.

2 Snijd de biefstuk in kleine dunne stukjes. Doe de maïzena in een grote zip-top zak en voeg het rundvlees toe. Sluit de zip-top zak en schud heel goed totdat elk stukje bedekt is met maïzena. Zet in de koelkast tot gebruik.

3 Voor de saus: Voeg in een kleine sauspan de olie, sojasaus, bruine suiker, knoflook en water toe. Roer en kook op middelhoog vuur tot de saus dik wordt, ongeveer 15 minuten. Zet apart.

4 Verhit de olie in een koekenpan. Voeg rundvlees toe als de olie heet is en bak het tot het bruin is. ","100 g Witte rijst
170 g Rundvlees
12 g Maïszetmeel
15g Olijfolie
54 g Sojasaus
18 g Bruine suiker
3/4 teentjes fijngehakt Knoflook (2,2 g)",,,,,,,,
Smoothie met bessen en spinazie,lunch/ontbijt,307,41.1,10.6,3,27.6,yes,yes,,"1 Doe de ingrediënten in de blender en mix.

2 Geniet ervan","240 g Amandelmelk
30 g Biologische Gewone Rijst Proteïne
1/2 portie Donkere Zoete Bevroren Kersen
74 g Aardbeien
70 g Bosbessen, wild
45 g Spinazie",,,,,,,,
Bosbessen Amandelboter Eiwit Smoothie,lunch/ontbijt,285,44.8,7.5,9.8,10.1,yes,yes,,"1 Doe alle ingrediënten in een blender en blend tot een gladde massa.
Eet smakelijk!","355 g Water
60 g Biologisch Glanzend Rijst Proteïne / whey proteine
16 g Amandelboter
6 ijsblokjes (133 g)
197 g Bosbessen",,,,,,,,
Bosbessen-banaan Smoothie,lunch/ontbijt,392,51.3,9.7,8.6,28.4,yes,yes,,1 Doe alle ingrediënten in een blender en pulseer tot een gladde massa. Voeg ijs toe indien gewenst. Geniet ervan!,"1 maatschep Whey-eiwitpoeder (30 g)
155 g Bosbessen, bevroren
1 middelgrote banaan (118 g)
250 gram Ongezoete Amandelmelk",,,,,,,,
Bosbessen-Perzik Havermout,lunch/ontbijt,360,59.2,11.8,12.1,11,yes,yes,,"1 Voeg havermout, water, de helft van de perziken, de helft van de bosbessen, vanille en kaneel in een kleine steelpan.

2 Kook op middelhoog vuur gedurende 5 minuten of tot de havermout is ingedikt is tot de gewenste consistentie.

3 Schep in een serveerkom. Werk af met de overgebleven perziken, bosbessen, gemalen lijnzaad en notenboter. Eet smakelijk!","40 g Havermout
237 g Water
154 g Perziken
74 g Bosbessen
2,1 g Vanille-extract
0,7 g Kaneel
3,5 g Lijnzaad
16 g Amandelboter",,,,,,,,
Bosbessenshake,lunch/ontbijt,362,64.4,2,8.4,26.9,yes,yes,,"1 Doe alle ingrediënten in een blender en blend tot het een mengsel is. 

2 Geniet ervan!    ","Havermout (40g)
Bosbessen (70g)
Melk (120g)
Whey eiwitpoeder (20 g) 
Pindakaas (8 g)",,,,,,,,
Gestoofd rundvlees met groenten,Lunch/avondeten,530,20.3,6.5,36.1,33.9,,,,"1 Snijd champignons in plakjes. Snijd courgette en paprika in blokjes. Snijd het rundvlees in blokjes.

2 Verhit olijfolie in een middelgrote pan op middelhoog vuur. Voeg rundvlees toe en bak ongeveer
 8 minuten.

3 Voeg de rest van de ingrediënten toe en bak nog eens 20 minuten.

4 Serveer en geniet!","213 g Ossenhaas
276 g Tomatensaus
97 g Champignons
3/4 middelgrote courgette (147 g)
3/4 middelgrote rode paprika (89 g)
14 g olijfolie",,,,,,,,
Ontbijt taco,lunch/ontbijt,141,13.8,1.7,3.1,15.2,,yes,,"1 Beleg tortilla’s met salsa en kaas. Verwarm in de magnetron tot de kaas gesmolten is, ongeveer 30 seconden.

2 Bestrijk ondertussen een kleine koekenpan met anti-aanbakspray. Verhit op middelhoog vuur, voeg de ei-vervanger toe en bak al roerend tot de eieren door en door gaar zijn, ongeveer 90 seconden.

3 Verdeel het roerei over de taco’s.","3 tortilla’s (72 g)
24 g Salsa
21 g Cheddar kaas
360 g eiwitten (vloeibaar)",,,,,,,,
Roerbak van kip en kool,lunch,480,48,4.7,13.5,39.9,,,,"1 Bereid de rijst volgens de aanwijzingen op de verpakking. Zet opzij.

2 Snijd de ui in blokjes.

3 Verhit 2 theelepels olijfolie in een pan op middelhoog vuur. Voeg de ui toe en roer regelmatig.

4 Snijd de kool fijn. Schil de wortel en snijd deze in luciferstukjes.

5 Zodra de ui zacht en doorschijnend is, voeg je de wortel, kool en zout toe. Dek de pan af en laat 10 minuten koken.

6 Snijd de kip in kleine reepjes.

7 Doe na 10 minuten de kool, ui en wortel in een kom.
Zet het vuur hoog en voeg de laatste 2 theelepels olijfolie toe. Voeg de kip toe en bak deze in 5 minuten gaar.

8 Doe de groenten terug in de pan. Zet het vuur laag. Voeg de sojasaus en oestersaus toe.

9 Serveer met de rijst. Eet smakelijk!","225 g Kipfilet
60 g Witte rijst
120 g Uien
14 g Olijfolie
67 g Kool
82 g Wortelen
snufje zout
24 g Sojasaus
27 g Oestersaus",,,,,,,,
Kip Chili Pinda Noedels,Lunch/avondeten,711,92.6,6.4,18.3,42.2,,,,"1 Breng een middelgrote pan met licht gezouten water aan de kook. Spoel de producten grondig af en dep ze droog. Zet een vergiet in de gootsteen.

2 Stelen en koriander grof hakken. Kwart limoen. Knoflook persen. Snijd de witte delen van groene uien bij en snijd ze in dunne plakjes. Snijd de overgebleven groene uien schuin in plakjes. Hak de pinda’s grof. 

3 Spoel de kipfilets af en dep ze droog. Snijd de kip op een aparte snijplank in dunne reepjes

4 Voeg noedels toe aan kokend water en kook 4 minuten, roer vaak. Giet de noedels af in een vergiet en laat er koel water over stromen. Doe ze terug in de pan, voeg 1 theelepel olijfolie toe om plakken te voorkomen en zet apart. 

5 Verhit 1 theelepel olijfolie in een grote pan op middelhoog vuur.

6 Kruid plakjes kip. Voeg de kip toe aan de hete pan en bak 5-6 minuten, of tot de kip licht gebruind is. Doe de kip op een bord en veeg de pan schoon.

7 Zet de pan terug op middelhoog vuur en voeg 1 theelepel olijfolie, knoflook, witte delen van groene uien en wortels toe. Bak 2 minuten of tot de groenten zacht beginnen te worden.

8 Voeg noedels, kip, zoete chilisaus en vissaus toe aan de pan. Roer en schep tot alle ingrediënten zijn gecombineerd en doorgewarmd, ongeveer 2 minuten.

9 Leg de pad thai op een bord of in een ondiepe schaal. Garneer met pinda’s, groene uien, koriander en kwartjes limoen.

10 Eet Smakelijk!","1 1/2 takjes Verse koriander (3,3 g)
1/2 Limoen (34 g)
1 teentje Knoflook (3 g)
1 stengel Uien (12 g)
14 g Pinda’s
150 gram Kipfilet 
(In plakjes gesneden)
60 gram Rijstnoedels
3 g Zout
6,8 g Olijfolie
1.1 g Peper
27 g Wortelen
57 g Zoete Chilisaus
4.7 g Vissaus (20 g)",,,,,,,,
Kip & Mayo Bagel,Lunch/avondeten,623,60.7,3.5,11.4,65,,,,"1 Snijd de bagel doormidden en toast hem eventueel lichtjes. Smeer de helft van de mayonaise op de snijkant van de bovenste helft van de bagel en de resterende helft van de mayonaise op de onderste helft van de bagel.

2 Om kip te bereiden: stamp je de kipfilet een beetje uit tot dezelfde dikte met een keukenhamer of de achterkant van een zware pot (TIP: Leg er zilverfolie tussen zodat het niet vies wordt). Bak in een pan met antiaanbaklaag op middelhoog vuur met ongeveer een theelepel olijfolie, ongeveer 4 minuten per kant of tot de kip gaar is
totdat ze helemaal gaar zijn zonder roze in het midden. Snijd de kipfilet in plakjes van 1/2 cm dik. Snijd de tomaten in plakjes van 1/2 cm dik.

3 Leg de sla boven op de onderste helft van de bagel en  leg de plakjes gekookte kip en tomaten op de resterende helft van de bagel.

4 Geniet ervan!","1 Kipfilet (236 g)
1 middelgrote bagel (105 g)
3 plakjes Tomaten (60 g)
2 blaadjes Sla (30 g)
15 g Lichte mayonaise
 ",,,,,,,,
Kip Mozzarella Pasta met Zongedroogde Tomaten,Lunch/avondeten,612,63.6,3.9,21.4,46.9,,,,"1 Verhit een grote koekenpan met antiaanbaklaag op middelhoog vuur. Spray in met kookspray. Voeg de in blokjes gesneden kip toe aan de koekenpan. Breng op smaak met zout en peper. Bak tot de kip niet meer roze is in het midden.

2 Kook ondertussen de penne pasta in een grote pan water
gaar. Giet het water af.

3 Giet de olie af uit het potje zongedroogde tomaten. Snijd de tomaten in hapklare stukjes. Voeg de tomaten toe aan de koekenpan met de knoflook en het paprikapoeder. Kook en roer het mengsel een paar minuten.

4 Voeg de half-om-half en de Mozzarella-kaas toe aan de koekenpan. Roer
en laat het mengsel lichtjes koken. Verlaag het vuur en laat sudderen tot de kaas smelt en er een romige saus ontstaat.

5 Giet de uitgelekte pasta in de koekenpan, voeg de basilicum en de fijngehakte rode peper flakes toe. Roer voorzichtig om alles te combineren. Laat nog 5 minuten om door te verwarmen.

6 Serveer en geniet!","Kipfilet (113 g)
27 g zongedroogde tomaten (potje in olie)
3/4 teentjes, fijngehakt Knoflook
scheutje Paprikapoeder
91 g Halfvolle room
28 g Mozzarella kaas
1 g Basilicum
60 g Volkoren pasta
snufje Zout
snufje Peper",,,,,,,,
Kip Roerbak Bruine rijst,Lunch/avondeten,193,6,2.2,4.8,31.1,,,,"1 Verwarm de kippenbouillon of bouillon in een wok met op
middelhoog vuur. Snijd de groenten fijn.

2 Snijd de kip in reepjes of stukjes en voeg toe aan de wok (of eenandere proteïne naar keuze - tofu, lam, rundvlees, garnalen). Kook tot bijna gaar is.

3 Voeg de groenten, cayennepeper en gember toe en bak gaar.

4 Kluts afzonderlijk snel het ei en meng het daarna door het
roerbakschotel.

5 Serveer heet. Eet smakelijk!","0.2 g Cayennepeper
1 kipfilet Kipfilet (236 g)
30 g Kippenbouillon
67 g Asperges
46 g Broccoli
0,9 g Gember
70 g Champignons
1/2 middelgrote wortel (30 g)
1/2 extra groot ei (28 g)
Zilvervliesrijst (60 g)",,,,,,,,
Kip Teriyaki sandwich,Lunch/avondeten,824,105.3,5.2,10.7,73.4,,,,"1 Om kip te koken, stamp je eerst de kipfilet een beetje uit tot dezelfde
dikte door voorzichtig een keukenhamer of de achterkant van een zware pot te gebruiken. Bak in een pan met antiaanbaklaag op middelhoog vuur met ongeveer een theelepel olijfolie, ongeveer 4 minuten per kant of tot ze helemaal gaar zijn zonder roze in het midden. Snijd de gekookte kipfilet in plakjes van 1/2 cm dik. Doe de teriyaki en de hete saus in een kom. Snijd de tomaten in plakjes van 1/2 cm dik.

2 Rooster het brood licht.

3 Schik de sla op een van de sneetjes brood. van de sla de plakjes gekookte kip, balanceer de
tomaatjes op de kip en eindig met het overgebleven sneetje brood.

4 Eet smakelijk!
","1 kipfilet (227 g)
2 sneetjes, Zuurdesembrood (192g)
3 sneetjes, medium Tomaten (60 g)
2 blaadjes bindsla (12 g)
18 g Teriyakisaus
5 g Peper of hete saus
 ",,,,,,,,
Garnalen Gebakken Quinoa,Lunch/avondeten,510,62.2,12.5,13.1,35,,yes,,"1 Breng water en ongekookte quinoa aan de kook in een steelpan. Zet het vuur laag en laat 15 minuten sudderen of tot het water is opgenomen en de quinoa zacht is. Haal de steelpan van het vuur en laat 5 minuten afkoelen; pluis de quinoa los met een vork. Koel af. (Deze stap kan de dag ervoor gedaan worden.)

2 Verhit de helft van de kokosolie in een grote koekenpan op middelhoog vuur. Voeg de garnalen toe, breng op smaak met een beetje zout en peper en roer voortdurend terwijl je 2-3 minuten kookt of tot de garnalen gaar zijn. Leg de gekookte garnalen op een bord en zet apart.

3 Doe de overgebleven kokosolie in dezelfde pan. Fruit de ui, knoflook en gember tot ze geurig zijn, ongeveer 4-5 minuten. Voeg de bevroren groenten toe en bak tot ze door en door warm zijn. 

4 Doe de gekookte quinoa en garnalen erbij en voeg tamari, sesamolie en chilisaus toe.

5 Kook en roer tot een gelijkmatig laagje, ongeveer 2 minuten. Maak een kuiltje in het midden van het quinoamengsel. Giet de eieren in het kuiltje; kook en roer tot de eieren door en door geklutst zijn, ongeveer 2-3 minuten. 

6 Werk af met koriander en een beetje sriracha, indien gebruikt.

7 Eet smakelijk.","85 g Quinoa
240 g Water
7,5 g Biologische kokosolie
225 g Garnalen
1/2 teentje Knoflook (1,5 g)
1 g Gemberwortel
18 g Sojasaus
2 g Sesamolie
4 g Chilisaus
1/2 takjes Verse koriander (1.1 g)
5 g Saus, hete chili, sriracha
40 g Uien
450 g Gemengde groenten
1 1/2 groot ei (75 g)",,,,,,,,
Popcornkip op KFC-wijze,Lunch/avondeten,448,34.3,1.9,14.4,41.7,,,,"1 Zet de oven op 210 graden C.

2 Snijd de kipfilets in kleine stukjes, ongeveer zo groot als je duim. Onthoud dat hoe kleiner je de stukjes kipfilet snijdt, hoe meer panko-kruimels je nodig hebt om de stukjes te bedekken.

3 Kruid de stukjes kip met knoflook, zeezout en peper.

4 Klop de eieren en sriracha los in een kom en zet apart.

5 Doe in twee aparte kommen eiwitpoeder in de ene kom en tarwe panko kruimels in de andere.

6 Bedek de stukjes kip met het proteïnemengsel en doop het stukje kip vervolgens in het eimengsel. Bestrijk het stuk kip tot slot lichtjes met de tarwe panko-kruimels. Leg de stukken kip op een rooster of bakplaat. Herhaal dit tot alle stukken kip bedekt zijn.

7 Bak 15 minuten in de oven.

8 Eet smakelijk!","1 Kipfilet (227 g)
2  g Knoflook
1/2 extra groot ei (28 g)
1 groot eiwit (33 g)
25 g Sriracha saus
3/4 scoop Wheyeiwitpoeder (22 g)
80 g Broodkruimels",,,,,,,,
Kip & Groente Wrap,lunch,333,29.7,2.5,11.4,26.8,,,,"1 Snijd alle groenten en gekookte kipfilet (of vleeswaren) in
stukjes. Meng de roomkaas met tacokruiden.

2 Verdeel het roomkaasmengsel gelijkmatig over de tortilla’s.  leg een beetje van elke groente in rijen op de tortilla’s en beleg met de kip.

3 Rol elke tortilla strak op.","2 tortilla’s (92 g)
40 gram Roomkaas
0,9 g Droge taco-kruidenmix
37 g Rode paprika
32 g Wortelen
4 reepjes Gele paprika (21 g)
7,5 g Spinazie
22 g Rode kool
140 g Kipfilet",,,,,,,,
Vanille Bosbessen Eiwit Muffins,snack,219,28.9,5.3,6.4,15.6,,yes,,"1 Verwarm de oven voor op 175 graden C en maak een muffinvorm klaar met muffinvormpjes.

2 Meng alle ingrediënten (behalve de bosbessen) in een blender. Mix tot het mengsel dik wordt.

3 Voeg de bosbessen toe en roer (met een lepel of een spatel).

4 Giet de mix in de voorbereide muffinvorm en bak tot de muffins gaar zijn (ongeveer 30 minuten) en een tandenstoker er schoon uitkomt. Laat iets afkoelen.

5 Eet smakelijk!","40 g Havermout
16 g Haverzemelen
5 g Tarwebloem
4 grote eiwitten (132 g)
1/3 scoop Wheyeiwitpoeder (10 g)
1 g Baking soda
1 g Stevia zoetstof
9,3 g Canola-olie
1,4 g Vanille-extract
103 g Bosbessen, bevroren",,,,,,,,
Caloriearme Brownie,snack,75,13.1,2.3,1.5,5.1,yes,yes,,"1 Verwarm de oven voor op 200 graden C.

2 Vet een vierkante ovenschaal van in.

3 Doe alle ingrediënten in een keukenmachine of blender en mix tot een gladde massa (ongeveer 1 minuut).

4 Giet in de voorbereide schaal en bak ongeveer 15 minuten of tot een tandenstoker er schoon uitkomt. 

5 Eet smakelijk!
","107 g Yoghurt
27 g Melk 
19 g Cacao
18 g Gerolde haver",,,,,,,,
Aardbeien-eiwit-yoghurt-smoothie,Ontbijt/lunch,423,28.2,12.5,9.9,54.5,yes,yes,,"1 Doe alle ingrediënten in een blender en blend tot het een mengsel is. (Voeg eventueel extra melk toe als je het te dik vind)

2 Geniet ervan!  ","355 g Water
60 g Biologisch Glanzend Rijst Proteïne
16 g Amandelboter
8 grote aardbeien (144 g)
6 ijsblokjes (133 g)
45 g Yoghurt",,,,,,,,
Kokosnoot Mango Eiwitshake,Ontbijt/lunch,664,34.1,2.7,49.8,29.9,yes,yes,,"1 Doe alle ingrediënten in een blender en blend tot het een mengsel is. 

2 Geniet ervan!  
","250 g Mango’s
1 1/2 scoop wheyeiwitpoeder (45 g)
340 g Kokosmelk",,,,,,,,
Chocolade Banaan Eiwit Muffins,snack,160,28.2,3,3.2,8,,yes,,"1 Verwarm de oven voor op 175 graden. Wrijf de pan in met een klein beetje
kokosolie of spray het in met bakspray.

2 Doe de bloem, cacao, proteïnepoeder, baking soda, zout en bakpoeder in een grote mengkom. Roer om te combineren.

3 Meng in een aparte kleine mengkom de olie, appelmoes en bananen en pureer ze terwijl je ze mengt. Voeg het ei toe toe en roer goed door.

4 Giet het mengsel voorzichtig bij de droge ingrediënten. Meng tot net zo lang tot het droge mengsel volledig is bevochtigd.

5 Vul elk kopje voor 2/3. Bak 20-22 minuten of tot een tandenstoker
in het midden steekt er schoon uitkomt.","40 g Tarwebloem
1/2 schep Whey eiwitpoeder (15 g)
42 g Honing
1 eiwit (gescheiden van dooier) Eiwit (40 g)
8 g Cacao
1 g baking soda
1 g Zout
0,3 g Bakpoeder
1/2 middelgrote banaan (59 g)
7 g Kokosolie
8 g Appelmoes
",,,,,,,,
Mango-eiwitshake,Ontbijt/lunch,355,44.3,1.4,6.1,32.8,yes,tes,,"1 Doe alle ingrediënten in een blender en blend tot het een mengsel is. 

2 Geniet ervan!  
","125 g Mango’s
360 g Melk
30 g Honing
1.5 scoop Whey eiwitpoeder (45 g), smaak naar keuze",,,,,,,,
Mini avocado en hummus quesadilla,lunch/snack,73,9.2,1.1,3,2.3,yes,yes,,"1 Snijd 3 cirkels uit elke tortilla met behulp van een glas en een klein mes.

2 Roer in een kommetje de hummus, komijn en koriander door elkaar.

3 Verdeel 1 theelepel van het hummusmengsel over elke tortillacirkel. 

4 Verdeel de avocadoplakjes en de kaas (kies een stevige feta, of gebruik queso fresco) gelijkmatig over de quesadilla’s en leg ze op één helft van de tortillacirkels.

5 Verhit een grote koekenpan op middelhoog vuur. Leg verschillende quesadilla’s in de pan en bak tot de tortilla’s goudbruin zijn, 2 tot 3 minuten per kant.

6 Eet smakelijk!","1 tortilla (46 g)
15 g Hummus
0,2 g Komijn
1 g Verse koriander
1/8  Avocado’s (17 g) 
11 g Feta",,,,,,,,
Chocolade Haver,lunch,359,56.9,8.5,3.1,32.3,yes,yes,,"1 Breng 2/3 kopje water en zout aan de kook op hoog vuur. Zet het vuur laag en voeg havermout toe. Kook tot het bijna dik is, ongeveer 3 minuten. Voeg zoetstof en cacao toe. Roer en kook tot het dik is, nog ongeveer 30 seconden.

2 Haal van het vuur, doe over in een kom en meng weipoeder erdoor. Serveer met de gewenste toppings en geniet!","158 g Water
1,5 g Zout
60 g Havermout
3,6 g Cacao
1 maatschep (30 g) Whey proteïne
10 gram Honing",,,,,,,,
Kaneel Apple Eiwit Havermout,lunch,274,43.1,9,4.7,17.5,yes,yes,,"1 Voeg melk, havermout en kaneel toe aan een kleine pan. Breng aan de kook, zet het vuur laag en laat 7-10 minuten koken, of tot de havermout zacht is en de gewenste consistentie is bereikt. 

2 Roer eiwitpoeder en gehakte appel erdoor. 

3 Eet smakelijk!","55 gram Gerolde haver
4 g Kaneel
3/4 maatschep Whey eiwitpoeder (22 g)
3/4 middelgrote appel (136 g)
190 g Ongezoete amandelmelk",,,,,,,,
Kaneel Honing Haver,ontbijt/lunch,483,111.7,18.6,3.2,13.9,yes,yes,,"1 Doe alle ingrediënten bij elkaar in een pan en breng aan de kook.

2 Dek af en verwarm op een laag pitje; kook tot het meeste water is geabsorbeerd.

3 optioneel: Voeg eventueel gewenste toppings toe 

4 Serveer warm en geniet!","120 g Gerolde haver
21 g Honing
473 g Water
7,8 g Kaneel",,,,,,,,
Kokosnoot-kaneel havermout,Ontbijt/lunch,300,38.7,6,16.2,5.3,yes,yes,,"1 Kook de haver in water op een middelhoog vuur gaar. Laat 2-3 minuten afkoelen. Roer de olie erdoor. Voeg honing toe,
kaneel en kokos toe.

2 Serveer en geniet!","118 g Water
20 g Havermout
6,8 g Kokosolie
3,5 g Honing
0,7 g Kaneel
2,7 g Kokosvlees",,,,,,,,
Koekjesdeeg Griekse yoghurt,Ontbijt/lunch,413,33.7,2.2,26.3,14.1,yes,yes,,"1 Combineer de Griekse yoghurt met de notenboter, zoetstof en vanille. Meng tot een gladde massa.

2 Werk af met Mini Chocolate chips. Geniet!","113 g Yoghurt
16 g Pindakaas
20 g Ahornstroop
1,1 g Vanille-extract 
21 g Halfzoete chocolade (Mini Chips; 1 el)",,,,,,,,
Donkere Chocolade Banaan Smoothie,Ontbijt/lunch,510,49.7,5.8,9.2,59.4,yes,yes,,"1 Doe alle ingrediënten in een blender en pulseer tot een gladde massa.
Eet smakelijk!","2 schepjes Wei-eiwitpoeder (60 g)
1 middelgrote Banaan (118 g)
1,3 g Kaneel
10 g Ongezoete Cacaopoeder
244 g Melk 
 ",,,,,,,,
Gemakkelijk Gegrilde Kip Zilvervliesrijst,Lunch/avondeten,192,9.7,2.7,3.8,28.6,,,,"
1 Doe de gewassen kippenborsten in een grote afsluitbare zak. Voeg kruiden naar keuze toe en sluit de zak. Laat 5 tot 10 minuten marineren.

2 Snijd de paprika’s in grote stukken en de courgette in grote plakken.

3 Grill de kip en groenten op middelhoog vuur.","1 kipfilet (236 g)
164 g Rode paprika
1/2 grote courgette (162 g)
Kruiden naar keuze
zilvervliesrijst (75 g)",,,,,,,,
Gefruite Kerrie Kipsalade,lunch,211,14,1.8,11.3,14.6,,,,"1 Hak selderij, ui, appels, gehalveerde druiven, hak pecannoten en snijd de kip.

2 Doe de kip, selderij, ui, appel, rozijnen, druiven, pecannoten, peper, kerriepoeder en mayonaise in een grote slakom, rozijnen, druiven, pecannoten, peper, kerriepoeder en mayonaise. Meng alles goed door elkaar. De salade is klaar om te serveren.","1 halve kipfilet (86 g)
1/2 stengel Selderij (32 g)
1/4 middelgroot Uien (28 g)
1/2 middelgrote appel (92g)
10 druiven (gehalveerd) 
14 g Pecannoten (geroosterd)
0.1 g Peper
0.2 g Kerriepoeder
22 g Mayonaise-achtige dressing",,,,,,,,
Geroosterde kaas met spek en spinazie,Lunch/avondeten,311,29,6,14.7,18.3,,yes,,"1 Verhit een grote koekenpan op middelhoog vuur. Voeg olie toe. Voeg knoflook toe aan de pan; fruit 1 minuut. Voeg spinazie en rucola toe; roer tot het verwelkt is. Haal het spinaziemengsel uit de pan. Zet de pan terug op middelhoog vuur. Voeg spek toe; bak tot het knapperig is. Verwijder de bacon en laat het vet uitlekken op keukenpapier.

2 Beleg 4 sneetjes brood gelijkmatig met kaas, spekjes, spinazie
spinaziemengsel en de overige 4 sneetjes brood.

3 Verwarm de pan op middelhoog vuur. Voeg de boterhammen toe aan het
pan. Bak 2 minuten aan elke kant of tot ze goudbruin zijn. Eet smakelijk!
","1,1 g Olijfolie
1 kruidnagel, fijngehakt Knoflook (3 g)
312 g Spinazie
40 g rucola
2 reepjes spek (24 g)
4 sneetjes, medium Italiaans brood (80 g)
28 g Mozzarella kaas
27 g Fontina kaas",,,,,,,,
Salade van groene erwten en amandelen,Lunch/avondeten,317,24.7,9.5,20,13.9,yes,yes,,"1 Zet de waterkoker aan de kook. Doe de erwten in een hittebestendige kom.

2 Bedek met kokend water en laat 2-3 minuten staan of tot de erwten
ontdooid en heldergroen zijn

3 Giet de erwten af en dep ze droog met keukenpapier. Besprenkel met een beetje
extra vierge olijfolie. Knijp er citroen over. Breng op smaak met zout en
peper indien nodig.

4 Schep de doperwten, spinazie en amandelen door elkaar. Serveer.","134 g Erwten
1,3 g Citroensap
30 g Spinazie
28 g Amandelen
4.5 g Olijfolie",,,,,,,,
Gegrilde ontbijtpizza,Lunch/avondeten,568,22.4,3.3,33.1,45.7,,,,"1 Bak de bacon in een koekenpan op middelhoog vuur tot de gewenste knapperigheid. Hak fijn en zet apart. Verwarm de grill voor op middelhoog vuur.

2 Klop de eieren los en voeg de groenteblokjes toe. Buig de randen van de pita zodat er een kommetje ontstaat.

3 Bestrijk beide kanten met olijfolie en leg ze op de grill, met de koepel naar beneden. Bak 30-60 seconden of tot ze goudbruin zijn.

4 Giet het eimengsel in de pita. Bak 1-2 minuten of tot de eieren bijna gaar zijn.

5 Voeg fijngehakte bacon en kaas toe. Bak tot de kaas gesmolten is.
Serveer en geniet!","1 groot ei (50 g)
3 grote Eiwitten (99 g)
43 g Champignons
1 stengel Uien (12 g)
1 pita, klein  (28 g)
6,8 g Olijfolie
28 g Mozzarella kaas
56 g Kalkoenspek",,,,,,,,
Broodje gegrilde kalkoen,Lunch/avondeten,425,34.2,3.8,18.9,29.9,,,,"1 Verhit een kleine koekenpan op middelhoog vuur. Beboter een kant van
de sneetjes brood met een theelepel boter. Leg één sneetje, met de boterkant naar beneden, in de koekenpan. Beleg met de plakjes kalkoen en kaas. Leg het tweede sneetje brood erop met de boterkant naar boven.

2 Wanneer de ene kant van de boterham goudbruin is, draai en bruin de andere kant, 3 tot 5 minuten per kant, of tot de kaas begint te smelten.","7,1 g Boter
2 sneetjes Volkorenbrood(56 g)
113 g kalkoenfilet
28 g Zwitserse kaas",,,,,,,,
"Sandwich ham, kip en kaas",lunch,317,25.8,3.7,13.9,21.9,,,,"1 Leg de ham en kip op één snee brood.

2 Leg de kaas op het andere sneetje brood.

3 Rooster ongeveer 4 minuten om het brood te roosteren en de kaas te laten smelten.","3 sneetjes Volkorenbrood (84 g)
3 plakjes  Gesneden ham (42 g)
Kaas (42g)
3 plakjes kipfilet (33g)",,,,,,,,
Ham en Ei Roerei,Ontbijt/lunch,291,5.5,0.6,16.2,29,,,,"1 Spray de pan in met bakspray en verhit hem op middelhoog vuur. 

2 Voeg de hamblokjes toe en bak een paar minuten tot ze bruin beginnen te worden.

3 Klop de eieren los met de cayenne en kurkuma. Giet de eieren in de pan over de ham en kluts tot de eieren de gewenste gaarheid hebben bereikt.

4 Eet smakelijk!","3 sprays,  Pam kookspray (0,9 g) of scheutje olijfolie
85 g Honingham 
(In blokjes gesneden)
4 grote eieren (225 g)
snufje Cayennepeper (0,5 g)
1 g Kurkuma",,,,,,,,
Bosbessen Banaan Haver,Ontbijt/lunch,733,122.2,18.9,12.8,42.2,yes,yes,,"1 Doe de banaan, yoghurt, amandelmelk en proteïnepoeder in een blender en mix tot een gladde massa. 

2 Giet het mengsel in een kom en roer de havermout erdoor. Dek af en zet minstens 4 uur in de koelkast, bij voorkeur een nacht.

3 Als je klaar bent om te eten, kun je de noten, blauwe bessen en frambozen toevoegen. 

4 Eet smakelijk!","1 middelgrote banaan (118 g)
80 g Yoghurt
240 g Amandelmelk
1 scoop Whey proteïnepoeder (30 g)
100 g Gerolde haver
8 g Pistachenoten
19 g Bosbessen, bevroren
23 g Frambozen, bevroren",,,,,,,,
"Pindakaas, banaan en havermoutpannenkoeken",Ontbijt/lunch,742,67.1,10.4,29.3,59.2,,yes,,"1 Doe alle ingrediënten (behalve de pindakaas) in een kom en roer tot ze goed gecombineerd zijn.

2 Giet deze ingrediënten in een hete koekenpan en bak 2-3 minuten of tot de randen bubbelen.

3 Draai om en bak nog 1-2 minuten of tot ze klaar zijn.

4 Terwijl de pannenkoeken bakken, smelt je 2 eetlepels natuurlijke pindakaas in de magnetron.

5 Sprenkel de pindakaas over de gekookte pannenkoeken en serveer.

6 Eet smakelijk!","2 extra groot ei (112 g)
2 groot eiwit (66 g)
40 g Havermout
1 scoop Wheyeiwitpoeder (30 g)
1 middelgrote Banaan (118 g)
32 g Pindakaas",,,,,,,,
Prosciutto sandwich met spinazie,Ontbijt/lunch,424,33.5,2.6,18.7,29.7,,,,"1 Verwarm de oven voor op 180 C. Smeer de bovenste helft van een hard broodje (bijv. kaiser) in met mayonaise. Leg prosciutto en kaas op de onderste helft van het brood.

2 Bak de spinazie in een pan of koekenpan op middelhoog vuur tot de blaadjes verwelken, ongeveer 2 minuten. Schep de spinazie op de kaas en bedek met de andere helft van de ciabatta, druk goed aan. 

3 Leg de sandwich op een bakplaat en zet hem ongeveer 2 tot 3 minuten in de oven. 

4 Haal uit de oven, snijd doormidden en eet direct.

5 Eet smakelijk!","2 kleine broodjes naar keuze, bijv kaiserbroodjes (120 g)
15 g Lichte mayonaise
60 g Mozzarella kaas 
120 g Spinazie (Rauw)
8 plakjes vlees/ham/kip/kalkoen (112 g)",,,,,,,,
Omelet ham en groenten,Lunch/avondeten,321,13.5,3.5,11,40.8,,,,"1 Snijd groenten in hapklare stukjes en hak knoflook fijn.

2 Meng eiwit en ei in een kommetje met citroenpeper kruiden.

3 Verhit een koekenpan op middelhoog vuur en spray het in met bakspray.

4 Voeg gehakte ham, knoflook en groenten toe. Bak tot ze goudbruin zijn.
Haal uit de pan.

5 Voeg het eimengsel toe aan de pan en laat bakken.

6 Voeg de kaas toe als het ei half vast is en voeg dan de groenten en ham toe. Vouw de omelet over zichzelf. Draai om en bak tot de eieren helemaal gaar zijn.

7 Serveer en geniet!
","1 middelgrote courgette (196 g)
2 middelgrote Rode paprika(238 g)
5,6 g Knoflook
2 extra grote eieren (112 g)
182 g eiwit
2 g citroenpeper kruiden
56 g Cheddar of colby kaas
170 g Gesneden ham",,,,,,,,
Eiwitrijke pannenkoeken,Ontbijt/lunch,436,65.9,14.4,6.9,33.7,,yes,,"1 Verhit een koekenpan op middelhoog vuur tot het heet is en zet het vuur laag.

2 Meng alle ingrediënten in een blender, spray de pan met antiaanbakspray en laat het beslag met een lepel op de pan vallen. Bak tot zich belletjes beginnen te vormen. Draai om en bak tot beide kanten gelijkmatig bruin zijn. Maak ongeveer 6 pannenkoeken.

3 Serveer warm en geniet!","160 g Havermout
21 g Lijnzaad
1 g Stevia zoetstof
7,8 g Kaneel
2,3 g Zuiveringszout
12 grote eiwitten (396 g)",,,,,,,,
Eiwitrijke Pita Pizza,Lunch/avondeten,722,43,6,39,50.8,,,,"1 Verwarm de oven voor op 200 graden.

2 Verdeel 1/4 kopje pizzasaus over pitabroodjes. Beleg met kaas en kalkoenspek.
 
3 Plaats in de oven op een pizzasteen of bakplaat en bak 5-10 minuten totdat de kaas gesmolten is.

4 Haal uit de oven en snijd in 4-8 plakken.","1 pita, groot (64 g)
85 g Cheddar kaas
94 g Kalkoenspek
63 g Pizzasaus",,,,,,,,
Kip en vegetarische lunchwrap,lunch,826,71.3,8.9,29.1,69.9,,,,"1 Verhit de olie in een pan op middelhoog vuur. Voeg de kip toe aan de pan en bak ongeveer 6 minuten per kant of tot de kip gaar en niet meer roze is. Laat 5 minuten rusten voordat je de kip in hapklare stukken snijdt.

2 Leg twee grote tortilla’s plat. Beleg met alle ingrediënten en geniet!","14 g Olijfolie
1 Kipfilet (236 g)
2 tortilla’s (92 g)
15 g Dijonmosterd
61 g Gewone yoghurt
30 g Spinazie
56 g Courgette
138 g Rode paprika
1 tomaat (62 g) 
5 champignons (90 g)",,,,,,,,
Sandwich met zalmsalade,ontbijt/lunch,371,44.4,8.8,10,27.4,,yes,,"1 Combineer zalm, ui, citroensap, olie en peper in een middelgrote kom. Meng goed.

2 Verdeel de roomkaas gelijkmatig over de onderste sneetjes brood en beleg ze met het zalmmengsel.

3 Beleg met plakjes tomaat, sla en de resterende sneetjes brood.

4 Eet smakelijk!","85 g Roze zalm 
10 g Uien
7.5 g Citroensap
3.4 g Olijfolie
0.1 g Peper
15 g Roomkaas
2 sneetjes brood (79 g)
2 plakjes tomaat (40 g
Sla",,,,,,,,
Hawaïaanse kalkoensliders,Lunch,282,30.4,3.3,9.7,20.3,,,,"1 Snijd de bosui in plakjes, hak de knoflook fijn en snijd de ui in ringen van een halve centimeter dik. Schil de ananas en snijd in dikke verse ringen. Of koop de ananas al in ringen gesneden. 

2 Verwarm de grill voor op middelhoog.

3 Combineer kalkoen, teriyakisaus, lente-uitjes en knoflook in een middelgrote kom; kneed voorzichtig door elkaar. Vorm er 6 burgers van, ongeveer 5 cm breed.

4 Olie het grillrooster in. Grill de burgers 2 tot 3 minuten per kant.

5 Grill de ananasringen tot ze licht geblakerd zijn, ongeveer 2 minuten per kant. 

6 Grill de uien tot ze licht geblakerd zijn en zacht beginnen te worden, ongeveer 2 minuten per kant.

7 Maak de burgers op geroosterde broodjes met elk 1 theelepel mayonaise, 1 blaadje sla, 1 ananasring en ongeveer 3 uienringen.

8 Eet Smakelijk!","Kalkoengehakt (227 g) 
18 g Teriyakisaus
1 middelgrote lente-ui (15 g)
1/2 fijngehakte Knoflook (1,5 g)
3 dunne schijfjes Ananas (168 g)
1/2 kleine uien (35 g) 
3 broodjes hamburger (129 g) 
(mini slider broodjes)
15 g Lichte mayonaise
3 bladsla",,,,,,,,
Gegrilde kabeljauw,lunch/avondeten,197,3.1,0.5,5.8,31.6,,yes,,"1 Maak de roosters klaar en verwarm de grill voor op medium.

2 Snijd de knoflook in blokjes en voeg toe aan een kom met de olie, zout, peper, rozemarijn en uienpoeder.

3 Bestrijk de visfilet gelijkmatig.

4 Leg op de grill en bak ongeveer 15 minuten, halverwege omdraaien. 

5 Eet smakelijk!","300 g Kabeljauw
1.5 teentjes Knoflook 
7 g Olijfolie
Peper
Zout
1 g Rozemarijn
4 g Uienpoeder",,,,,,,,
Geroosterde courgette en paprika,Avondeten,168,12.1,3.7,13.9,2,tes,yes,,"1 Bekleed 2 bakplaten met een rand met aluminiumfolie. Verwarm de oven voor op 220 graden C.

2 Bereid de groenten voor. Meng alle groenten met de olijfolie.

3 Breng op smaak met zout, peper en knoflookpoeder.

4 Verdeel de groenten over de voorbereide bakplaten.
Bak 18-25 minuten in de voorverwarmde oven tot de groenten zacht en lichtjes verkoold zijn. 

5 Besprenkel met citroensap en serveer. 

6 Eet smakelijk!","1/2 grote baby courgette (8 g) 
1/4 middelgrote uien (28 g) 
1/2 middelgrote rode paprika (60 g) 
14 g Olijfolie
4,5 g Zout
1,6 g Peper
2,4 g Knoflookpoeder",,,,,,,,
Pindakaas eiwit havermout,Ontbijt/lunch,186,18.1,3,6.1,16.8,yes,yes,,"1 Doe havermout en proteïnepoeder in een kom die geschikt is voor de magnetron. Voeg water toe en meng goed.

2 Verwarm ongeveer 2 minuten. Roer goed en voeg pindakaas toe. Goed mengen. 

3 Eet smakelijk!","40 g Gerolde haver
1 maatschep Whey-eiwitpoeder (30 g)
240 g Water
20 gram Pindakaas",,,,,,,,
Huisgemaakte kalkoen McMuffins,Lunch,438,28.5,4.4,22.3,31.4,,,,"1 Kook de eieren in een koekenpan op middelhoog vuur naar wens. Haal uit de
pan en voeg plakjes kalkoen toe. Kook tot ze een beetje bruin beginnen te worden.

2 Terwijl de eieren en kalkoen koken, doe je de Engelse muffins in de broodrooster.
Zodra ze gaar zijn, neem je elke kant van de Engelse muffins en leg ze naar boven. Bestrooi elk stuk met cheddarkaas.

3 Als de kalkoen bruin is, neem je een half plakje en leg je bovenop de cheddar kaas op elk stuk Engelse muffins
Leg elk ei boven op elk stuk. Eet als een open sandwich. Eet smakelijk!","2 extra grote eieren (112 g)
2 plakjes kalkoenfilet (29 g)
1 Engelse muffins (66 g)
28 g Cheddar kaas",,,,,,,,
Caloriearme Monte Cristo sandwich,lunch,393,30.1,3.7,16.6,30,,,,"1 Leg een sneetje brood plat en besmeer met mosterd. Gelijkmatig beleggen
met de helft van de kalkoen, gevolgd door de ham, kaas, resterende
kalkoen en het overgebleven sneetje brood. Snijd de sandwich diagonaal doormidden.

2 Roer in een wijde kom de eiervervanger los met peper.

3 Zet een koekenpan met antiaanbakspray op middelhoog vuur.
Voeg boter toe en laat de bodem bestrijken.
4 Bestrijk de sandwichhelften gelijkmatig met het eimengsel en leg ze in de koekenpan. Bak tot de buitenkant geroosterd is en de kaas is gesmolten, ongeveer 2 minuten per kant, voorzichtig omscheppen.","2 sneetjes dun brood (60 g)
5 g Mosterd
3 plakjes Kalkoenfilet (45g)
2 plakjes gesneden ham (28 g)
28 g kaas
60 g Ei vervanger
5 g Boter",,,,,,,,v
Gemengde Bessen Ochtend Smoothie,Ontbijt,419,35,12.1,16.4,34.1,yes,yes,,"1 Doe alle ingrediënten in een blender en blend tot een gladde massa.

2 Eet smakelijk!","10 g Hennepzaad, gepeld
12 g Chia zaden
1 schep Whey eiwitpoeder (30 g)
70 g Bevroren gemengde bessen
45 g Spinazie
1/2 middelgrote banaan (59 g)
250 gram Ongezoete
Amandelmelk",,,,,,,,
Ochtend Fruitige Eiwitshake,Ontbijt,325,42,5,5.6,29.5,yes,yes,,"1 Doe alle ingrediënten in een blender en blend tot het een mengsel is. 

2 Geniet ervan!  ","122 g Melk
1 maatschep (30 g) Whey-eiwitpoeder
20 bessen Bosbessen (27 g)
10 frambozen Frambozen (19 g)
1 middelgrote banaan (118 g)",,,,,,,,
Bacon Ontbijt Taco's,Ontbijt/lunch,534,61.8,5.8,19.2,27.4,,,,"1 Snijd de aardappel in hapklare stukken. 

2 Bak aardappels en spek in een pan tot het spek knapperig is en de aardappels zacht.

3 Klop de eieren los en voeg ze toe aan de koekenpan.

4 Warm een tortilla op.

5 Doe het eimengsel op de tortilla en rol op.

6 Eet smakelijk!
 ","1 Aardappel (213 g)
2 reepjes gekookte bacon (16 g)
2 extra groot Ei (112 g)
1 tortilla (46 g)",,,,,,,,
Eiwit Banaan Ei Pannenkoeken,Ontbijt/lunch,345,29.8,3.1,11.7,31.3,,yes,,"1 Pureer de rijpe banaan.

2 Klop de eieren los en roer de banaan en het eiwitpoeder erdoor.

3 Giet op een licht ingeoliede koekenpan. Draai om als er belletjes beginnen te verschijnen. Bak tot beide kanten gelijkmatig goudbruin zijn.

4 Eet smakelijk!","2 middelgrote Bananen (236 g)
4 extra grote eieren (224 g)
1 1/3 scoop Whey proteïnepoeder (40 g)",,,,,,,,
"Salade met avocado, appel en kip",Lunch/avondeten,196,13.2,4,10.3,14.1,,,,"1 Spray een pan in met antiaanbakspray/olijfolie en verhit op middelhoog vuur. 

2 Bak de kip tot ze gaar en niet meer roze is. Laat 5 minuten rusten voordat je de kip in hapklare stukken snijdt; zet apart.

3 Klop in een kom de olijfolie, limoensap, knoflookpoeder en peterselie door elkaar en breng op smaak met zout en peper.

4 Meng alle overige ingrediënten in een grote kom.

5 Giet de dressing over het kip-avocadomengsel. Roer voorzichtig tot alles goed bedekt is.

6 Serveer als salade of gewikkeld in slabladeren.

7 Eet smakelijk!","170 g Kipfilet
10 g Olijfolie
7,5 g Limoensap
1 g Knoflookpoeder
6 g Peterselie
3/4  Avocado (102 g) 
3/4 Appel (136 g) 
19 g Selderij
Ui (124 g) ",,,,,,,,
Roerei met spek en avocado,Lunch,665,36.7,14.4,49.9,22.6,,,,"1 Bak spek in een kleine koekenpan op middelhoog vuur tot de gewenste knapperigheid is bereikt. Verwijder het spek; giet op 1 theelepel na al het vet weg.

2 Klop in een kom de eieren los met 2 eetlepels water; breng op smaak met zout en peper. Giet in de pan; kook, terwijl u de bodem regelmatig schraapt met een flexibele hittebestendige spatel, tot ze net zijn gestold, 2 tot 3 minuten.

3 Schep op een bord. Verkruimel spek over de bovenkant; bestrooi met gehakte avocado. 

4 Serveer met toast.

5 Eet smakelijk!","2 repen spek (24 g)
2 groot ei (100 g)
1 vrucht Avocado’s (201 g)
1 sneetje  brood (32 g)",,,,,,,,
Bacon Guacamole Gegrilde Kaassandwich,Lunch,829,71.2,4.9,46.7,31.9,,,,"1 Bak het spek in een pan op middelhoog vuur tot het knapperig is en leg het opzij op keukenpapier om uit te lekken.

2 Beboter een kant van elk sneetje brood, strooi de helft van de kaas op de onbeboterde kant van een sneetje brood, gevolgd door de guacamole, bacon, tortillachips, de resterende kaas en leg als laatste het overgebleven sneetje brood erop met de beboterde kant naar boven.

3 Grill op middelhoog vuur tot de kaas goudbruin is en gesmolten, ongeveer 2-3 minuten per kant.

4 Eet smakelijk!","2 reepjes spek (24 g)
2 sneetjes Zuurdesembrood (128 g)
14 g boter
2 plakjes kaas (56g)
2 eetlepels guacamole (30 g)
paar Tortilla chips",,,,,,,,
Kalkoen Wrap,Lunch,391,29.2,8.7,22.1,20.2,,,,"1 Smeer hummus op de tortilla.

2 Beleg met kalkoen, sla, avocado, tomaat en kaas.

3 Oprollen.

4 Eet smakelijk!","2 kleine tortilla’s (48 g)
8 plakjes kalkoenfilet (120 g)
4 bladsla (112 g)
1 Avocado (136 g)
1 middelgrote Tomaat (123 g) 
2 plakjes  kaas / geraspte kaas (56 g)
30 g Hummus",,,,,,,,
Smakelijke Omelet van Kalkoen en Spinazie,Lunch/avondeten,425,18.8,2.9,17.5,47.1,,,,"1 Smeer een pan licht in met bakspray en zet hem op middelhoog vuur. Voeg de ui, champignons en kalkoen toe en bak ongeveer 5 minuten. Als ze gaar zijn, doe je ze over op een bord en zet je ze apart.

2 Meng het ei en eiwit in een kom en giet het mengsel in de pan.
Na een paar minuten moet je belletjes zien. Til de randen van de omelet voorzichtig op met een spatel om het ongekookte deel van de eieren naar de randen te laten stromen en gaar te laten worden. Bak nog 2-3 minuten door of tot het midden van de omelet er droog begint uit te zien.

3 Leg de kaas in het midden van de omelet en verdeel het kalkoenmengsel en de spinazie erover (in het midden van de omelet). Vouw met een spatel voorzichtig een rand van de omelet om.

4 Laat de omelet nog twee minuten bakken of tot de kaas smelt tot de gewenste consistentie. Schuif de omelet uit de koekenpan op een bord.

5 Eet smakelijk!","160 g Uien
86 g Champignons
150 g kalkoenfilet
365 g Eiwit
2 grote eieren (100 g)
56 g kaas
60 g Spinazie",,,,,,,,
Pastasalade uit de tuin,Lunch/avondeten,618,53.8,2.4,27,42.8,,,,"1 Spray een pan in met antiaanbakspray/olijfolie en verhit op middelhoog vuur. 

2 Bak de kip tot ze gaar en niet meer roze is. Laat 5 minuten rusten voordat je de kip in hapklare stukken snijdt; zet apart.

3 Klop in een kom de olijfolie, limoensap, knoflookpoeder en peterselie door elkaar en breng op smaak met zout en peper.

4 Meng alle overige ingrediënten in een grote kom.

5 Giet de dressing over het kip-avocadomengsel. Roer voorzichtig tot alles goed bedekt is.

6 Serveer als salade of gewikkeld in slabladeren.

7 Eet smakelijk!
","20 g olijfolie
1 Kipfilet (177 g)
6 grote olijven (26 g)
3/4  paprika (89 g)
45 g Mozzarella kaas
40 g Wortelen
45 g Italiaanse dressing
85 g Volkoren pasta",,,,,,,,
Eiwitrijke tonijnsmelt,Lunch/avondeten,492,41.3,5.4,14.4,52.6,,yes,,"1 Snijd de pita’s door de helft en besmeer met de tomatensaus, een eetlepel op elke helft.

2 Beleg met de tonijn, strooi er wat oregano over en leg aan beide kanten een plakje kaas.

3 Zet de mini-melts in de broodroosteroven en bak ze 2-3 minuten of tot de kaas net gesmolten is. 

4 Eet smakelijk!","1 1/2 pita, groot (96 g)
46 g Tomatensaus
1 1/2 blikje Tonijn (247 g)
1 g Oregano
84 g Mozzarella kaas",,,,,,,,
Chinese kip en broccoli,Lunch/avondeten,530,64.6,3.9,14.5,35.1,,,,"1 Meng in een kommetje 1 theelepel honing, 2 theelepels maïzena, 1 eetlepel sojasaus, 1 eetlepel water en 1 eetlepel olijfolie. 

2 Snijd de kip in blokjes en doe de kipblokjes en de marinade in een zakje met ritssluiting (of een ondiepe bak) in de koelkast.

3 Breng ondertussen een pan gezouten water aan de kook. Blancheer de broccoliroosjes 2 minuten, giet af, laat afkoelen en zet apart.

4 Meng in een kommetje 1/4 kopje soja, 1 eetlepel honing, gehakte knoflook, 2 eetlepels maïzena, 1 eetlepel olijfolie en 1 eetlepel water. Klop goed om te combineren.

5 Verhit een eetlepel olijfolie in een wok (of grote koekenpan) op middelhoog vuur. Voeg de kip met de marinade en ½ van de saus toe en bak ongeveer 8 minuten Doe over op een bord.

6 Zet de wok terug op het vuur en verhit de resterende eetlepel olijfolie op middelhoog vuur tot het knettert. Voeg broccoli toe en bak 1 tot 2 minuten tot het licht geblakerd is. Voeg snel de kip en de overgebleven saus toe en bak nog 2 minuten tot de saus dikker wordt. Werk af met sesamzaadjes en serveer.

7 Eet smakelijk!","21 g Honing
15 g Maïszetmeel
15 g Water
8 g Sojasaus
20 g Olijfolie
1 Kipfilet (236 g)
220 g Broccoli
32 g Sojasaus
1 fijngehakt Knoflook (3 g)
7 g Rijstwijnazijn
1,5 g Sesamzaad
100 gram Witte rijst",,,,,,,,
Sloppy Joe Pita,Lunch/avondeten,506,67.1,12.5,10.4,34.6,,,,"1 Verkruimel en bak gemalen kalkoen op middelhoog vuur , ongeveer 10-12 minuten.

2 Roer de bbq saus en kidneybonen, uitgelekt en afgespoeld, erdoor en kook ze 5 minuten of tot ze heet zijn.

3 Snijd de pita doormidden. Bekleed de pita met een schoon blaadje Romeinse sla. Vul met het sloppy joe mengsel. 

4 Eet smakelijk!","228 g Gemalen kalkoen
120g bbq saus light
256 g Kidneybonen 
1 pita, groot (64 g)
2 bladsla (56 g)",,,,,,,,
Rib-eye steak,Lunch/avondeten,380,2.7,1,30,26.1,,,,"1 Verwarm de oven voor op 120 graden C.

2 Kruid de biefstuk gelijkmatig met zout en peper aan alle kanten.

3 Leg de biefstuk op een rooster boven op een bakplaat. Bak 35 minuten. Verhit de olie in een koekenpan of roestvrijstalen pan op hoog vuur tot het rookt. 

4 Schroei de biefstuk 30 seconden aan één kant dicht en draai hem dan om. Voeg onmiddellijk de boter, tijm, rozemarijn en knoflook toe en draai de pan om zodat de boter snel smelt.

5 Leg de kruiden en knoflook bovenop de biefstuk en duw de biefstuk naar de bovenkant van de pan. Kantel de pan naar u toe om de boter op de bodem te laten smelten. Schep met een lepel continu de boter over de bovenkant van de biefstuk voor ongeveer 30-45 seconden.","230 g Rundvlees, rib-eye biefstuk
6 g Peper
30 g Biologische olijfolie
21 g Boter
1 g Tijm
1 g Rozemarijn
1 fijngehakt Knoflook (3 g)",,,,,,,,
Rode aardappelen,snack,154,33.9,3.1,0.3,4,yes,yes,,"1 Verwarm oven voor op 220 graden C.

2 Snijd de aardappels in partjes en leg deze in een kom.

3 Voeg een scheutje olijolie toe en kruid met paprikapoeder, tijm en zout. 

4 Leg op bakplaat en bak voor 35-40 min in oven tot ze knapperig zijn.

5 Eet smakelijk!","Aardappel 300g
Paprikapoeder
Tijm
Zout",,,,,,,,
Champignon Spinazie Omelet,Lunch/avondeten,232,8,2.2,11.8,23.6,,yes,,"1 Klop in een kleine kom het ei en eiwit los. Voeg de kaas, zout, paprikavlokken, knoflookpoeder en peper toe, goed mengen. Zet opzij.

2 Bak in een koekenpan op middelhoog vuur de champignons, groene peper en ui 4-5 minuten in olie of tot ze zacht zijn. Voeg spinazie toe; kook en roer tot de spinazie verwelkt is. Voeg het eimengsel toe. Til de randen op terwijl de eieren stollen, zodat het ongekookte gedeelte eronder doorloopt.

3 Snijd in partjes en serveer direct. Eet smakelijk!","2 extra groot ei (112 g)
6 grote eiwitten (198 g)
10 g Parmezaanse kaas
14 g kaas
3 g Zout
0,1 g Gemalen rode pepervlokken
0,8 g Knoflookpoeder
0,6 g Peper
4,5 g Olijfolie
86 g Champignons
37 g Groene paprika 
20 g Uien
60 g Spinazie",,,,,,,,
Kipfilet met mosterd en kruiden,Lunch/avondeten,333,22.2,2.2,11.2,33.8,,,,"1 Verwarm de oven voor op 200 graden Celsius.

2 Snijd elke borst in de lengte doormidden zodat er 2 koteletten ontstaan. Leg de kippenborsten tussen een vel plasticfolie en stamp de kip lichtjes aan tot een gelijkmatige dikte. Kruid beide kanten van elke borst met zout en peper.

3 Meng de kruiden, knoflook en mosterd in een kom.

4 Combineer broodkruimels en Parmezaanse kaas op een bord. Bestrijk elke borst lichtjes met het mosterd-kruidenmengsel. Veeg het overtollige weg en wentel elke borst door het broodkruim/kaasmengsel.

5 Verhit een grote koekenpan op middelhoog vuur. Voeg zodra de pan heet is
1/2 eetlepel olijfolie toe. Leg 2 kippenborsten in de pan en bak ze aan elke kant bruin, voorzichtig met een spatel, ongeveer 2 tot 3 minuten per kant.

6 Leg de borsten op een met perkament beklede plaat, herhaal dit met de overgebleven olie en kip en bak ze 5 tot 8 minuten in de oven of tot de kip een interne temperatuur van 80 graden Celcius heeft bereikt.  

7 Bestrooi met gehakte peterselie en serveer. Eet smakelijk!","1 kipfilet (236 g)
1,5 g Zout
1/2 scheutje Peper (0.1 g)
1.2 g Tijm
0.5 g Oregano
1,3 g Basilicum
1 kruidnagel, fijngehakt Knoflook (3 g)
45 g Dijon mosterd
54 g Broodkruimels
12 g Parmezaanse kaas
6,8 g Olijfolie
1/2 takje peterselie (0,5 g)",,,,,,,,
Magere Griekse yoghurt,Ontbijt/lunch,142,8.6,0,0.9,24.5,yes,yes,,1 Schep yoghurt in een kopje of kom. Om te zoeten kun je een suikervrije zoetstof of een klein beetje honing toe en roer.    ,360 g yoghurt,,,,,,,,
Paprika kip Zilvervliesrijst Thaise komkommersalade,Lunch/avondeten,783,76.8,0.5,21.4,68.3,,,,"1 Meng in een kommetje de rijstazijn, suiker, sesamolie, rode pepervlokken en zout. Zet de dressing opzij om het de tijd te geven om te mengen.

2 Schil de komkommer en snijd hem in plakjes. Doe de komkommerschijfjes in een grote kom.

3 Hak de pinda’s in kleinere stukjes, indien gewenst. Snijd de groene uien in plakjes.

4 Voeg de dressing, pinda’s en groene uien toe aan de gesneden komkommers. Roer door elkaar. Serveer direct of zet in de koelkast tot je klaar bent om te eten. Roer de salade voor het serveren even door om de dressing en smaken te herverdelen.

Kip + rijst:

1 Zet water op voor de rijst en snijd de kipfilet in blokjes.

2 Meng paprikapoeder, kipkruiden, zout en peper in een kommetje. Voeg de kip toe en schep om.

3 Kook de rijst gaar in 10-12 min.

4 Verhit olijfolie in een grote pan op middelhoog vuur. Voeg
kip toe en bak 5-6 minuten. Draai de stukken kip om en bak
3-4 minuten, tot ze gaar zijn.
5 Knijp er citroensap over en serveer.","Kipfilet (255 g)
1,6 g Paprika
0,6 g Gevogelte kruiden
2,2 g Zout
0,4 g Peper
5.1 g Olijfolie
5.6 g Citroensap
Brown rice (75 g)
Rijstwijnazijn 1 el
Kristalsuiker 1 tl
Sesamolie 1/4 tl 
Rode peper vlokken 1/4 tl 
Zout  snufje
Komkommer Geschild, rauw 100 gram
Pinda’s geroosterd, zonder zout 1 el 
Bosuitjes of sjalotten 1/2 tak 12,5 gram",,,,,,,,
Broodje Pastrami en Kaas,lunch,387,23.2,0.9,22.9,22.2,,,,"1 Beboter het broodje, leg de pastrami en kaas op het broodje en roosteren. Eet smakelijk!","1 broodje Hamburger- of hotdogrolletjes (43 g)
14 g Boter
57 g Runderpastrami
28 g kaas
",,,,,,,,
Pindakaas Banaan,Ontbijt/lunch,257,39.6,4.7,9.2,8.1,yes,yes,,"1 Rooster brood naar wens.

2 Verdeel de pindakaas over de toast.

3 Sprenkel honing over de pindakaas.

4 Snijd de bananen in de lengte door en leg ze over de pindakaas.

5 Verwarm 10 seconden in de magnetron.

6 Optioneel: Geniet met een glas melk.","2 sneetjes volkorenbrood (56 g)
1 grote Banaan (136 g)
21 g Honing
32 g Pindakaas",,,,,,,,
Pindakaas Banaan Engelse Muffin,snack,285,44.8,7.5,9.8,10.1,yes,yes,,"1 Toast muffin.

2 Beleg met pindakaas, banaan en kaneel.
 ","1 muffin English (66 g)
16 g Peanut butter
1/2 medium
Banana (59 g)
1.3 g Cinnamon",,,,,,,,
Pindakaas shake voor na de training,lunch/snack,503,51.5,9.6,18.4,34.3,yes,yes,,"1 Doe alle ingrediënten in een blender en pulseer tot een gladde massa.
Eet smakelijk!","1 scoop Whey-eiwitpoeder (30 g)
16 g Pindakaas
20 g Gerolde haver
1 middelgrote banaan
330 gram Ongezoete Amandelmelk",,,,,,,,
Kip Hummus Bowl,Lunch/avondeten,535,47.9,20.2,16.4,66.8,,,,"1 Kruid de kip met zout, peper en paprikapoeder.

2 Spuit een pan met antiaanbaklaag in en bak de kip 10-15 minuten tot kip gaar en niet meer roze is. Snijd in plakjes.

3 Doe 2 tot 3 kopjes spinazie in een grote slakom. Beleg met rode uien, plakjes gegrilde kip, een halve citroen, een schep hummus en een flinke snuf gehakte koriander.

4 Geniet!","1 spray , ongeveer 1 seconde Pam kookspray 
1 kipfilet (236 g)
2,1 g Paprika
1 scheutje Zout (0.4 g)
1 scheutje Peper (0.1 g)
90 g Spinazie
1 kleine rauwe rode ui (70 g)
2 Citroenen(216 g)
90 g Hummus
16 g Verse koriander",,,,,,,,
Garnalen met Pak Choi & Basmati,Lunch/avondeten,370,47.6,2.7,6.7,26.9,,yes,,"1 Kook de rijst volgens de aanwijzingen op de verpakking.

2 Pel en pers de knoflook en gember. Snipper de bosui en scheid het wit van het groen. Snijd de paksoi in de breedte heel fijn.
Snijd de garnalen in de lengte doormidden. 

3 Verhit de sesamolie in een grote koekenpan met antiaanbaklaag op hoog vuur. Zodra het heet is, voeg je de knoflook en het wit van de lente-ui toe. Laat 30 seconden bakken voordat je de garnalen toevoegt.

4 Zodra de garnalen roze kleuren, voeg je de chilibonenpasta toe (minder als je niet van pittig houdt), de tomatenpuree, rijstazijn en sojasaus. Roer alles door elkaar en laat een minuutje koken
Schep de paksoi erdoor en bak nog een minuutje voordat je de pan van het vuur haalt.
 
5 Roer het groen van de lente-ui door het mengsel en serveer het met de rijst. 

6 Eet smakelijk!","1,5 g Zout
1 teentje Knoflook (3 g)
6 g Gemberwortel
2 grote Sjalotten (50 g)
210 g Kool
9 g Sesamolie
15 g Chilipeperpasta
16 g Tomatenpuree
15 g Rijstwijnazijn
16 g Sojasaus
100 gram Witte rijst 
(Basmati)
300 gram Garnalen",,,,,,,,
Eiwit Warme Chocolade,snack,192,16.7,5.3,3.1,30.8,yes,yes,,"1 Combineer alle ingrediënten in een sauspan en laat sudderen. 

2 Serveer en geniet!","240 g Water
Whey eiwitpoeder (35 g)
5 gram Bruine suiker
14 g Cacao",,,,,,,,
Eiwit havermout pannenkoeken,Ontbijt/lunch,459,64.1,8.9,2.9,48.5,yes,yes,,"1 Doe de volgende ingrediënten in deze volgorde in een blender: Haver, Whey Protein Poeder, Kaneel, Eiwitten.

2 Verwarm een middelgrote tot grote pan op middelhoog vuur. Als je wilt, kun je twee pannen opwarmen om op beide pannenkoeken tegelijk te bakken.

3 Mix tot het mengsel ongeveer gelijkmatig is. Het kan zijn dat je weipoeder van de zijkanten van de blender scheppen omdat het aan het eiwit blijft plakken.

4 Als je pan niet anti-aanbak is, gebruik dan je favoriete calorievrije anti-aanbakspray of een beetje olie op de verwarmde pan en giet je het mengsel op de pan. Deze ingrediënten leveren ongeveer 2 grote pannenkoeken, dus gebruik de helft van het mengsel voor één pannenkoek. 
*Let op: gemixte haver zijn nog steeds dichter dan andere ingrediënten, dus ze kunnen op de bodem blijven liggen. Meng ze door elkaar voordat je ze opnieuw giet.*

5 Als de zijkanten van een pannenkoek er droog uit beginnen te zien en een beetje beginnen
te krullen, draai hem dan om en laat de andere kant bakken. Het moet er lichtbruin uitzien. Snij ondertussen een banaan in kleine dunne plakjes van ongeveer 0,5 cm.

6 Als de pannenkoeken gaar zijn, leg je plakjes banaan op de ene helft van een
pannenkoeken, verdeel dan blauwe bessen over dezelfde kant en vouw een
pannenkoek dubbel. Eet het als een taco!","30 gram whey-eiwitpoeder (30 g)
5 grote eiwitten (165 g)
0,7 g Kaneel
1 kleine Banaan (100 g)
50 g Bosbessen
40 g Havermout",,,,,,,,
Eiwitrijke tonijnsmelt,Lunch/avondeten,456,32.7,5.1,14.2,52.1,,yes,,"1 Snijd de Engelse muffin besmeer met een eetlepel de tomatensaus op elke helft.

2 Beleg met de tonijn, bestrooi met wat oregano en leg aan weerszijden een plak kaas.

3 Zet de mini melts in de broodrooster / oven en bak ze 2-3 minuten of tot de kaas net gesmolten is.

4. Eet smakelijk!k!","1 Engelse muffin (66 g)
30 g Tomatensaus
1 blikje tonijn (165 g)
0,5 g Oregano
56 g Mozzarella kaas",,,,,,,,
Eiwit Zuidwest Scramble,lunch,335,25,5.6,15.9,24,,,,"1 VOORBEREIDING: Snij de tomaat in blokjes, de rode peper, ui en kalkoenworst in stukjes.

2 Besprenkel de uien en paprika’s in een grote pan met olijfolie en
sauteren.

3 Als de uien helder zijn en de paprika’s zacht, breng op smaak met
zout en peper.

4 Voeg gehakte kalkoenworst toe en bak tot de worst goudbruin is.

5 Zet het vuur lager, voeg eiwit toe en kluts het.

6 Wanneer de eieren bijna gaar zijn, voeg je de tomaat en spinazie toe, meng en dien op.","8 grote eiwitten (264 g)
gehakt (kip/kalkoen) (84 g) (ontbijtspek kan ook)
18 g Olijfolie
2 middelgrote Uien (220 g)
149 g Rode paprika
60 g Spinazie
2 middelgrote hele Tomaten (246 g)
2 scheutje Zout (0.8 g)
2 scheutje Peper (0,2 g)",,,,,,,,
Eiwit Yoghurt en Bosbessen,Ontbijt/lunch,503,39.4,6.7,16.5,53.7,,yes,,"1 Meng eiwitpoeder door yoghurt; voeg blauwe bessen en zon
zaden toe. Eet smakelijk!

","1 scoop Whey-eiwitpoeder (30 g)
227 g yoghurt
148 g Bosbessen
28 g Zonnebloempitten",,,,,,,,
Snelle Salsa Tonijn Wrap,lunch/snack,372,26,1.7,11.5,41.3,,yes,,"1 Combineer tonijn en salsa. Leg op de tortilla en bedek met kaas. 

2 Eet smakelijk!","1 blikje tonijn (165 g)
32 g Salsa
1 tortilla (46 g)
21 g kaas",,,,,,,,
Rijstwafel met zalm en dillepasta,snack/lunch,243,15.8,0.8,8.7,24,,yes,,"1 Laat de zalm uitlekken en verwijder de graten. Hak dille en uien fijn. 

2 Combineer alle ingrediënten en meng goed. Verdeel over rijstwafels en serveer.

3 Eet Smakelijk!","1/4 blikje Sockeye-zalm (92 g)
0.3 g Dille
2,5 g Citroensap
1/4 stengel Uien (3 g)
2 Rijstwafels (18 g)
Optioneel: 10 gram sour cream",,,,,,,,
Hawaiiaanse BBQ Kip Wraps,Lunch/avondeten,429,40.3,2.1,13.1,35.7,,,,"1 Snijd groentes/fruit in kleine stukjes.

2 Verhit olie in een grote koekenpan op middelhoog vuur. Voeg de stukken kip toe aan de pan en breng op smaak met zout en peper.

3 Bak totdat de kip gaar en goudbruin is. Haal de pan van het vuur. Voeg barbecuesaus toe aan de pan en schep de kip om.

4 Leg tortilla’s op een bord. Beleg met een lepel barbecuekip, kaas, ananas, ui, gehakte sla en koriander. Rol op in burritostijl en steek vast met een tandenstoker. Serveer onmiddellijk. 

5 Eet smakelijk!
","5 g Olijfolie
125 g Kipfilet 
30 g Barbecuesaus
1 tortilla (46 g)
15 g Mozzarella kaas
40 g Ananas
kleine ui
15 g Sla
1 g Verse koriander",,,,,,,,
Kalkoen Reubens,Lunch/avondeten,526,41.2,4,25.9,31.4,,,,"1 Klop mayonaise, ketchup, en elk 1/8 theelepel zout en peper door elkaar. Besmeer brood en beleg broodjes met kalkoen,  en kaas.

2 Smelt de boter in een koekenpan op middelhoog vuur en bak de sandwiches, één keer draaien, tot het brood goudkleurig is en de kaas gesmolten, in totaal ongeveer 6 minuten.

3 Eet smakelijk!
","7,5 g Ketchup
2 sneetjes brood (64 g)
85 g Kalkoenham
20 g Lichte mayonaise
40 g kaas
7,5 g augurk
5 g Boter",,,,,,,,
Roerbak van garnalen en noedels,Avondeten,771,101.9,12.4,15.2,59.7,,yes,,"1 Smelt de kokosolie in een wok of grote koekenpan op middelhoog vuur. Voeg de lente-uitjes en knoflook toe en roerbak 1 minuut. 

2 Voeg de garnalen toe en roer nog een minuut of tot de garnalen knalroze en zacht zijn.

3 Voeg de peultjes, zoete maïs en broccoli toe, samen met ongeveer 3 eetlepels water. Laat het water opborrelen en stoom creëren om de groenten te koken. 

4 Voeg de noedels toe en breek de klontjes met je vingers terwijl je ze erin laat vallen. Schep de noedels om met de andere ingrediënten en roerbak een minuut tot de noedels door en door warm en zacht zijn.

5 Haal van het vuur, giet de sojasaus en vissaus erbij en roer alles nog een laatste keer door elkaar voordat je het op een bord serveert. 

6 Eet smakelijk!
","7 g kokosolie
3 lente-ui (45 g) 
Knoflook (3 g)
60 g Peultjes
40 g Maïs
Broccoli (150 g) 
30 g Water
100 gram Eiernoedels
40 gram Sojasaus
20 gram Vissaus
250 gram Garnalen
",,,,,,,,
Een-bak-Gebakken Kip,Avondeten,485,26.4,7.1,20.4,49.6,,,,"1 Verwarm de oven voor op 180 graden C. 

2 Snijd de tomaat in kwarten, pel de ui en snijd in partjes, ontpit de paprika’s en snijd ze grof. Leg de groenten in de bakplaat.

3 Snijd de kip in kleine stukjes en breng op smaak met zout, peper en paprikapoeder.

4 Pers de knoflook en voeg toe aan de bakplaat. Pluk de tijmblaadjes en strooi over de groenten. Voeg olie, balsamico en een flinke snuf zout en peper toe.

5 Schep alles door elkaar en rooster 20-25 minuten in de oven of tot alles gaar is.

6 Eet smakelijk!
","1 middelgrote tomaat (125 g)
1/2 Ui (19 g)
90 g Gele paprika
90 g Rode paprika
200 gram Kipfilet
1 scheutje Zout (0,4 g)
1 scheutje Peper (0,1 g)
7 g Paprikapoeder
2 teentjes Knoflook (6 g)
1 g Tijm
16 g Balsamicoazijn
14 g Olijfolie",,,,,,,,
Cajun Kip Pasta,Avondeten,787,60.5,3.5,37.1,52.3,,,,"1 Doe de kip, 1 eetlepel olijfolie en cajunkruiden in een grote zak. Schud om goed te bedekken.

2 Verhit de resterende 1 eetlepel olijfolie in een grillpan op middelhoog vuur. Bak de kip, één keer omdraaien, tot hij gaar is, ongeveer 5-6 minuten aan elke kant. Zet apart en houd warm.

3 Kook de pasta in een grote pan kokend water met zout volgens de aanwijzingen op de verpakking. Laat goed uitlekken.

4 Smelt de boter in een steelpan op middelhoog vuur. Voeg knoflook toe en bak, onder regelmatig roeren, tot het geurig is, ongeveer 1-2 minuten.

5 Voeg geleidelijk de room en citroenschil toe. Kook, onder voortdurend kloppen, tot alles is opgenomen, ongeveer 1-2 minuten. Roer de Parmezaanse kaas erdoor tot het licht is ingedikt, ongeveer 1-2 minuten. Breng op smaak met zout en peper.

6 Voeg de pasta toe en schep voorzichtig om.

7 Serveer direct met kip, indien gewenst gegarneerd met tomaten en peterselie.","175 g Kipfilet
6 g Olijfolie 
75 g Penne Pasta
5 g Boter
3 g Kruiden Cajun Seasoning
3/4 teentjes knoflook (2,2 g) 
50 gram kookroom 
0,2 g Zeste van citroen
6,2 g Parmezaanse kaas
1/4 scheutje Zout (0,1 g) 
2 g Peterselie 
1/2 middelgrote tomaat (60 g)",,,,,,,,
Zalm Teriyaki met wortelen en uien,Avondeten,632,29.3,3.5,26.4,66.2,,yes,,"1 Snijd de gemberwortel fijn en schil hem, halveer de wortels en snijd ze diagonaal in plakjes van een halve centimeter, snijd de bosuitjes fijn.

2 Maak teriyakisaus: Laat in een kleine sauspan de sausingrediënten, al roerend tot de suiker is opgelost, tot ongeveer 1/2 kopje inkoken en laat afkoelen tot kamertemperatuur in een metalen kom die in een grotere kom met ijs en koud water staat.

3 Marineer de zalm 15 minuten in een ovenschaal die groot genoeg is om de zalmmootjes in één laag in de saus te leggen.

4 Terwijl de zalm marineert, blancheer je in een grote pan kokend water met zout de groenten 2 minuten, of tot ze knapperig zacht zijn, en laat je ze uitlekken in een vergiet. Doe de groenten over in een kom met ijs en koud water om het koken te stoppen en laat ze goed uitlekken.

5 Verhit in een koekenpan olie op matig hoog vuur tot het heet is, maar niet rookt. Breng de zalm met een metalen spatel over in de koekenpan, laat overtollige saus in de gereserveerde marinade druipen en zet het vuur laag.

6 Bak de zalm, één keer draaiend, tot hij net gaar en goed bruin is, ongeveer 2 1/2 minuut aan elke kant, en breng over naar 2 borden. Giet de olie af en bak de groenten al roerend 1 minuut. Voeg de gereserveerde saus toe en kook al roerend 1 minuut of tot de saus is ingedikt.

7 Schep de groenten en de saus over de zalm en garneer met bosui.

8 Eet smakelijk!
","13 g Suiker
1/2 middelgrote Ui (55 g)
1 middelgrote wortel (61 g)
48 g Sojasaus
15 g Kookwijn
1 middelgrote Sjalotten (15 g)
4,5 g Gemberwortel
19 g Azijn
7 g Plantaardige olie
300 g Atlantische zalm",,,,,,,,
Vanille Banaan Eiwitshake,Ontbijt/lunch/snack,245,24.9,2.5,3.6,25.6,yes,yes,,"1 Doe alle ingrediënten in een blender en blend tot het een mengsel is. 

2 Geniet ervan!  ","3/4 middelgrote banaan (88 g)
360 g Amandelmelk
6,3 g Vanille-extract
1.5 maatschep Whey-eiwitpoeder (45 g)
180 g Ijsblokjes",,,,,,,,
Griekse yoghurt met bessen,ontbijt/lunch,262,40.9,5.6,1.5,24.6,yes,yes,,"1 Doe wat fruit kom/groot glas, vul het aan met yoghurt en doe er nog meer fruit bovenop. Besprenkel met een el honing per portie (of naar smaak).

2 Eet smakelijk! ","38 g Aardbeien
31 g Frambozen
227 g yoghurt
37 g Bosbessen
36 g Bramen
21 g Honing",,,,,,,,
"Rosbief, rucola en geschaafde Parmezaan",lunch/snack,354,28.4,4.8,12.7,31,,,,"1 Snijd brood doormidden en besmeer met mayonaise. Beleg met rosbief, rucola, geschaafde Parmezaanse kaas en versgemalen peper.
","3 sneetjes volkorenbrood
(Geroosterd)
22 g Mayonaise-achtige dressing
150 gram Rosbief
15 g rucola
11 g Parmezaanse kaas
1 1/2 scheutje Peper",,,,,,,,
Penne met zalm,Avondeten,234,28.2,2.7,4.6,23,,yes,,"1 Bereid de pasta volgens de aanwijzingen op de verpakking. Zet apart.

2 Mix 1 kopje cherrytomaatjes met de knoflook en uien voor de saus. Verwarm tot het suddert. Voeg zalm uit blik en gesneden tomaten toe. Serveer over de pasta en geniet!","75 gram Volkoren pasta
106 g Uien
3 teentjes, fijngehakt Knoflook (9 g)
270 g Tomaten
225 gram Roze zalm
224 g Cherrytomaten
",,,,,,,,
Geschroeide zalm met waterkers en warme sinaasappeldressing,Avondeten,804,66.8,11.4,29.2,73,,yes,,"1 Verwijder de dikkere stelen van de waterkers en hak de rest van de bos. Snijd de radijsjes in plakjes. Schep in een kom de waterkers met 1 eetlepel olie en een snufje zout. Besprenkel met 1 theelepel azijn. Leg de sla op
een serveerschaal of op 2 afzonderlijke borden en leg er de ananas- en radijsplakjes op.

2 Verhit een grote, zware koekenpan op middelhoog vuur, voeg de overgebleven eetlepel olijfolie toe. Schroei de zalm, zorg ervoor dat hij doorbakken is maar niet te gaar, ongeveer 4-6 minuten. De interne temperatuur moet 63 graden celsius zijn. Bestrooi de zalm tijdens het bakken aan elke kant met zout. Haal de zalm uit de pan en schik op de salade.

3 Om de dressing te maken pers je de bloedsinaasappel uit en voeg je de resterende eetlepel azijn en honing toe aan dezelfde pan. Zet op hoog vuur en breng aan de kook. Kook tot de vloeistof licht gereduceerd en ingedikt is, ongeveer drie minuten.

4 Maal wat verse peper en knijp (indien gewenst) wat citroensap uit over de salade. Sprenkel de saus over en rond de zalm. Serveer direct als de zalm nog warm is.

5 Geniet ervan!","68 g waterkers
2 kleine radijsjes (4 g)
14 g Olijfolie
6 g Zout
15 g Azijn, sinaasappel muskaat
165 g Ananas
1 blik gevangen Roze zalm (318 g)
67 g Boerenkool
227 g Sinaasappels (Bloedsinaasappel)
7,1 g Honing
2,1 g Peper",,,,,,,,
Eenvoudige Caprese Sandwich,lunch,353,52,2.6,8.7,16.9,,yes,,"1 Snijd een grote plak zuurdesem doormidden (of gebruik twee kleine plakken).
Beleg één plak met de gesneden mozzarella, en dan twee plakken tomaten. De smaak is mild, dus breng op smaak met peper en zout indien gewenst.","1 snee, groot zuurdesembrood (96 g)
28 g Mozzarella kaas
2 plakjes Tomaten (40 g)",,,,,,,,
Eenvoudige spaghetti en vleessaus,Avondeten,682,75.6,5.6,26.4,32.8,,,,"1 Kook water en bereid de pasta volgens de aanwijzingen op de verpakking.

2 Bak, terwijl de pasta kookt, het rundvlees in een koekenpan op middelhoog vuur. Voeg de saus toe zodra het gaar en niet meer roze is. Verminder het vuur tot sudderen voor ongeveer 5 minuten. Breng op smaak met kruiden als peper, zout, chili etc.  Serveer over de pasta en geniet!","128 g Spaghetti
170 g Gemalen rundvlees (mager)
241 g Pastasaus
150 g groente naar keuze
*breng op smaak met kruiden zoals peper, zout en chili*",,,,,,,,
Garnalen Curry,Avondeten,198,15.7,5.3,8.4,16.4,,yes,,"1 Sprenkel wat olie uit het potje currypasta in een wok of grote koekenpan, verhit zachtjes en voeg dan de ui toe.

2 Laat 4 minuten op laag vuur sudderen tot de ui zacht wordt, roer dan de pasta en knoflook erdoor en bak nog een paar minuten.

3 Roer de garnalen en tomaten erdoor en breng het geheel aan de kook. Als je rauwe garnalen gebruikt, laat ze dan 3-4 minuten sudderen tot ze van kleur zijn veranderd en gaar zijn.

4 Breng op smaak als je wilt en voeg vlak voor het opdienen de koriander toe. Eet smakelijk!
","14 g Olijfolie
30 g Kerriepasta
200 gram Garnalen
1 middelgrote Ui (110 g) 
300 gram Tomaten
1 teentje Knoflook (3 g)
9 takjes Verse koriander (20 g)",,,,,,,,
Zachtgekookte eieren & Toast,lunch,284,24.7,3.4,11.5,19.5,,yes,,"1 Doe de eieren in een middelgrote pan en bedek ze met koud water. Breng
aan de kook op hoog vuur. Verlaag het vuur als het water kookt en zet timer.
zacht = 4.5 min middel = 6 min hard = 7.5 min

2 Rooster het brood en snijd het ei in stukjes","2 grote eieren (100 g)
2 sneetjes volkorenbrood (56 g)
Kruiden naar smaak",,,,,,,,
Pittige kokosnoot kip kerrie,Avondeten,430,35.1,5.3,14.8,40,,,,"1 Snijd de kipfilets in kleine stukjes. Spray een koekenpan in met kokosolie en zet op middelhoog vuur. Bak de kip gaar en dus niet meer roze is. Zet apart.

2 Spray een andere koekenpan in met kokosolie en zet op middelhoog vuur. Voeg de rode ui, knoflook en gember toe. Fruit tot de rode ui bijna doorschijnend is, ongeveer 5-7 minuten.

3 Voeg kippenbouillon, kokosmelk en kruiden toe aan de koekenpan. Roer met een spatel. Laat de saus sudderen en dek af. Zet het vuur laag om de saus te laten koken en indikken.

4 Voeg gekookte, in stukjes gesneden kipfilets toe aan het kokoskerriemengsel. Roer met een spatel en kook afgedekt ongeveer 5 minuten op laag vuur. 

5 Breng op smaak met zeezout en peper.
Haal de pan van het vuur en laat de saus indikken. Eet smakelijk!","225 g Kipfilet
45 g Basmatirijst
30 g Uien 
4,5 g Gemberwortel
6,4 g Knoflook
90 g Kippenbouillon
70 g Kokosmelk
2 g Cayennepeper
4,7 g Kerriepoeder
2,6 g Paprika
2,5 g Kurkuma
4,1 g Gember",,,,,,,,
"Roergebakken rundvlees, rijst,
Broccoli en Yams",Lunch/avondeten,577,82.6,1.1,15.3,27.4,,,,"1. Zet water op en kook de rijst in 10-12 min gaar. Schil de zoete aardappel. Snijd hem in de lengte doormidden en vervolgens
de helften in plakken. Snijd de biefstuk in de lengte in de lengte doormidden en snijd de helften vervolgens in dikke
plakken. Schil de gember en rasp hem fijn.

2. Roer de 4 ingrediënten in een kommetje tot de suiker oplost. Zet de saus opzij. Leg rundvlees in een grote kom; bestrooi met zout en peper.
Voeg maïzena toe en schep om.

3. Verhit 1 1/2 eetlepel olie in een grote wok op hoog vuur. Voeg rundvleesmengsel toe; roerbak tot de buitenkant niet meer roze is, ongeveer 3 minuten. Doe het rundvleesmengsel over in een middelgrote kom. Verhit
resterende 1 eetlepel olie in dezelfde koekenpan. Voeg broccoli, yam en gember toe. Schud om te bedekken; bestrooi met zout en peper. Voeg de saus toe. Dek af, zet het vuur laag en kook tot de groenten net gaar zijn, ongeveer 5 minuten. Voeg rundvleesmengsel toe. Roer tot de saus het vlees bedekt, ongeveer 1 minuut. Serveer.","1/4 zoete aardappel, (32 g)
15 g Water
1/2 biefstuk Rundvlees (86 g)
10 g Bruine suiker
14 g Oestersaus
2,9 g Maïszetmeel
71 g Broccoli
1 g Gemberwortel
8,5 g Sesamolie
Zilvervliesrijst (75 g)
",,,,,,,,
Aardbeien-eiwit-yoghurt-smoothie,ontbijt/lunch,423,28.2,12.5,9.9,54.5,yes,yes,,1. Doe alle ingrediënten in een blender en blend tot een gladde massa. Eet smakelijk!,"355 g Water
60 g Biologisch Glanzend Rijst Proteïne
16 g Amandelboter
8 grote Aardbeien (144 g)
6 ijsblokjes (133 g)
45 g Yoghurt",,,,,,,,
Zomer Pasta,lunch/Avondeten,631,62.4,0.9,31.2,30.2,,yes,,"1. Hak tomaten en basilicum fijn. Knoflook persen. Versnipper mozzarella.

2. Combineer tomaten, kaas, basilicum, knoflook, olijfolie, knoflookzout en zwarte peper in een middelgrote kom. Zet apart.

3. Kook ondertussen de pasta volgens de aanwijzingen op de verpakking.

4. Giet de pasta af en doe over in een serveerkom. Schep om en serveer.","1 tomaat Roma tomaten (62 g)
1,3 g Basilicum
18 g Olijfolie
76 g Mozzarella kaas
1 fijngehakt Knoflook (3 g)
snufje Peper 
75 g Volkoren pasta
0,3 g Knoflookpoeder",,,,,,,,
Super simpele gerookte paprika kip,Avondeten,385,2.5,1.3,16.8,53.7,,,,"1. Meng in een kleine kom gerookt paprikapoeder, knoflookpoeder, gedroogde peterselie, zout en olijfolie tot een gladde pasta.Bestrijk elke kipfilet met een gelijkmatige laag paprikapasta. Laat minstens 20 minuten staan om de smaak in het vlees te laten trekken.

2. Zet ondertussen de oven op braden en plaats een rooster in het bovenste derde van de oven. Leg de kipfilets op een met folie beklede bakplaat. Leg de kip ongeveer 7 tot 8 minuten onder de grill of tot zich een korstje begint te vormen rond de randen. Draai de borsten om en bak ze nog 7 tot 8 minuten tot ze gaar zijn (de temperatuur moet 165°F zijn op een directe thermometer).

3. De kooktijd hangt af van hoe groot de kippenborsten zijn en hoe heet je oven is, het belangrijkste is dat de kip door en door gaar is.

4. Als de borsten gaar zijn, laat je ze een minuut of twee rusten voor je ze serveert  zodat de sappen zich gelijkmatig door het vlees kunnen verdelen. Bestrooi met gehakte peterselie en serveer.

5. Geniet ervan!","3,5 g Paprika (Gerookt)
0,8 g Knoflookpoeder
0.1 g Peterselie
1.1 g Zout
10 g Olijfolie
1 kipfilet (236 g)

",,,,,,,,
Toaster Oven Mozzarella Tortilla Pizza,Lunch/avondeten,342,22.7,4.5,19.9,18.9,,yes,,"1 Verwarm de broodroosteroven of gewone oven voor op 200 graden Celsius.

2 Bedek de pan met olie.

3 Bestrijk de tortilla met een beetje olie en voeg saus, toppings en kaas toe.

4 Bak 10 minuten in de oven of tot de kaas bruin is.

5 Eet smakelijk!","2.3 g Vegetable oil
1 tortilla (24 g)
128 g Pasta sauce
33 g Mozzarella cheese
28 g Cheddar/Geraspte cheese
30 g Spinach",,,,,,,,
Tomaat Mozzarella Sandwich,lunch,599,28.6,1.7,40.5,29.9,,yes,,"1 Verhit een koekenpan op middelhoog vuur en bestrijk licht met
olijfolie. Leg 1 stuk brood in de koekenpan. Leg twee stukken
mozzarella kaas op het brood. Leg de plakjes tomaat op de kaas en bestrooi met zout en peper. Leg de rest van de kaas op de tomaat en beleg met het tweede stuk brood.

2 Controleer de onderkant van het brood; als het er goudkleurig uitziet,
draai de sandwich dan om. 

3 Optioneel: Wrijf beide stukken brood in met de gesneden helft van een teentje knoflook in voordat je de sandwich samenstelt.

4 Optioneel: Voeg een paar blaadjes basilicum toe in het midden van de
tomaat.
","14 g Olijfolie
2 sneetjes wit brood (50 g)
4 plakjes Mozzarella kaas (113 g)
1 plak, medium Tomaten (20 g)
1 scheutje Zout (0,4 g)
1 scheutje Peper (0,1 g)
1/2 kruidnagel, fijngehakt Knoflook (1.5 g)
4 blaadjes, heel Basilicum (2 g)",,,,,,,,
Noten mix,snack,277,26,5,14.6,15.7,yes,yes,,1 Samen roeren en genieten!,"14 g Amandelen
32 g Sojabonen
15 g Veenbessen
",,,,,,,,
Broodje tonijnsalade,lunch,476,34.3,4.9,15.9,49.5,,yes,,"1 Snijd de peterselie, selderij en ui fijn.

2 Meng alle ingrediënten. Serveer op twee stukken brood of toast.","Tonijn uit blik (165 g)
Olijfolie (5g)
Cottage cheese (75 g)
Lichte mayonaise (30 g)
1/2 citroen, levert Citroensap (24 g)
Dillekruid (1 g)
Peterselie (8g)
Dijonmosterd (5 g)
1 Bleekselderij (40 g)
2 sneetjes volkorenbrood (56 g)
1/4 kleine uien (18 g)
",,,,,,,,
Magere pizza met tonijn,Lunch/avondeten,278,33.6,4.1,7.7,18.8,,yes,,"1 Verwarm de oven voor op 220 C. Leg de tortilla op een bakplaat en verdeel er tomatenpuree over. Bestrooi met kaas, paprika, ui, kappertjes en olijven. Bak 8 - 10 minuten of tot de kaas gesmolten is.

2 Haal uit de oven en strooi de geraspte tonijn over de bovenkant. Zet nog 2 minuten terug in de oven of tot de tonijn door en door warm is.

3 Haal weer uit de oven en snijd in vieren. Meng de rucola met de balsamicodressing en strooi over de bovenkant. Serveer.","1 tortilla klein (24 g)
32 g Tomatenpuree
56 g Cheddar kaas
74 g Rode paprika
1/2 ui (166 g)
9 g Kappers
6 olijven (16 g)
1 blikje gevangen tonijn (165 g)
30 g rucola
11 g Balsamico azijn

",,,,,,,,
Tonijn Gevulde Gebakken Peper,Avondeten,254,10.3,2.8,7.9,37,,yes,,"1 Verwarm de grill voor op hoog vuur.

2 Combineer tonijn, kwark, mayonaise, gehakte uien,
en cayennepeper in een kom. Meng tot het goed gemengd is.

3 Snijd de paprika’s doormidden en vul met tonijnmengsel. Beleg met kaas.

4 Plaats op een koekjesplaat en bak 5-7 minuten in de oven.","1 1/2 blikje Tonijn (248 g)
21 g Cottage kaas
22 g Lichte mayonaise
30 g Uien
2,7 g Cayennepeper
1 1/2 middelgrote paprika (178 g)
10 g Cheddar kaas",,,,,,,,
"Broodje Kalkoen, Cheddar en Mosterd",Lunch/avondeten,298,26.6,4.4,12.8,19.4,,,,"1 Smeer de mosterd op een van de stukken brood.

2 Beleg met de kalkoen, kaas en sla. Eindig met het resterende sneetje brood. Eet smakelijk!","15 g Mosterd
2 sneetjes Volkorenbrood (56 g)
2 plakjes kalkoenfilet(29 g)
24 g Sla
28 g (Cheddar) kaas",,,,,,,,
Kalkoen Cottage Cheese Sla Wrap,lunch,171,11,0.8,4,22.6,,yes,,"1 Leg kalkoen en kwark in een groot slablad.
 
2 Rol op en geniet!","6 plakjes kalkoenfilet 
56 g Cottage kaas
3 bladen veldsla (72 g)",,,,,,,,
Turkije Hummus Wrap,Lunch/avondeten,429,30.7,8.5,19.6,34.5,,,,"1 Smeer hummus op de tortilla.

2 Beleg met kalkoen, sla, avocado, tomaat en kaas.

3 Rol op en geniet!","1 Tortilla (24 g)
8 plakjes Kalkoenfilet  (116g)
Sla (24 g)
Avocado’s ½ vrucht (68 g)
Tomaten ½ medium (62 g)
Kaas (42 g)
Hummus (30 g)",,,,,,,,
Kalkoen Reuben Sandwich,lunch,370,43.1,5.4,12.4,21.3,,yes,,"1 Besmeer elk sneetje brood met ongeveer 3/4 theelepel mosterd. Leg 1 plak kaas op de ene helft en verdeel de kalkoen gelijkmatig over de kaas. Beleg elk met 2 1/2 eetlepel zuurkool en 1 eetlepel saus.

2 Spuit de grill in met antiaanbakspray en plaats de
broodjes. Sluit het deksel en bak 3 minuten of tot de kaas
gesmolten is. Eet smakelijk!","2 sneetjes roggebrood (64 g)
7,5 g Dijon mosterd
28 g Zwitserse kaas
57 g Deli gesneden kalkoen
24 g Zuurkool
16 g  saus naar keuze",,,,,,,,
Vegan chocolade tofu mousse,lunch/snack,426,17.6,3.5,13.7,64.8,yes,yes,,"1 Doe alle ingrediënten in een blender en blend tot een gladde massa.

2 Optioneel: Lekker met verse bessen!
","1/2 blok Tofu (232 g)
8,1 g Cacao
10 g Ahornstroop
2 porties Erwt Eiwit",,,,,,,,
Whey Chocolade Shake,ontbijt/lunch,440,52,7.5,12.2,30,yes,yes,,"1 Doe alle ingrediënten in een blender en blend tot het een mengsel is.

2 Geniet!      ","1 schep eiwitpoeder chocolade (35 g)
360 g amandelmelk
60 g Havermout",,,,,,,,
Yoghurt & Appelmoes,snack,185,21.9,1.3,1,23.3,yes,yes,,"1 Meng alles door elkaar en geniet!
","183 g Appelmoes
340 g yoghurt
 ",,,,,,,,
5 Minuten Keto Pizza,Lunch/avondeten,443,13.4,9,29.4,29.3,,yes,,"1 Meet alle droge ingrediënten af in een kom of bak die geschikt is voor je blender.

2 Voeg 2 eieren toe en meng alles met je blender. Zorg ervoor dat je ongeveer 30 seconden blijft mixen, zodat de psylliumschil wat van de vloeistof kan absorberen.

3 Verhit 2 theelepels olijfolie in een pan op middelhoog vuur. Eenmaal
heet, schep je het mengsel in de pan en spreid het uit in een cirkelvorm.

4 Zodra de randen beginnen op te stijven en er lichtbruin uitzien,
draai je de pizzakorst om. Zet de broiler op hoog in de oven.

5 Bak aan de andere kant 30-60 seconden en zet dan het fornuis uit.
Schep 3 eetlepels koolhydraatarme tomatensaus over de pizza
en smeer uit.

6 Doe er kaas op en zet de pizza in de oven om te bakken. Zodra hij
bubbelt, haal je hem uit de oven.

7 Serveer met wat vers basilicum.","10 g Parmezaanse kaas
9 g Psylliumdoppen
2,1 g Basilicum
2 eieren groot (112 g)
9 g Olijfolie
43 g Mozzarella kaas
46 g Tomatensaus
2,6 g Basilicum",,,,,,,,
Eiwit Silver Dollar Bosbessen Pannenkoeken,ontbijt/lunch,257,18.8,3,3.3,38,,yes,,"1 Maal havermout met een keukenmachine tot havermeel.

2 Meng alle ingrediënten goed door elkaar, behalve het fruit.

3 Verwarm de bosbessen in een klein steelpannetje op laag vuur.

4 Verhit ondertussen een koekenpan op middelhoog vuur en spray deze in met kokosolie. Bak meerdere silver dollar pannenkoekjes tegelijk op de koekenpan, een paar minuten per kant tot ze gelijkmatig goudbruin zijn. 

5 Giet de blauwe bessen erover en serveer.","20 g Havermout
6 grote eiwitten (198 g)
2 schep Whey eiwitpoeder (60 g)
7 g Lijnzaad
60 g Magere melk
75 g Bosbessen",,,,,,,,
Zonsopgang Smoothie,ontbijt/lunch,404,47.1,6.9,12,30.6,yes,yes,,"1 Doe alle ingrediënten in een blender en blend tot het een mengsel is. 

2 Geniet ervan!  ","1 middelgrote banaan (118 g)
76 g Aardbeien
16 g Pindakaas
1 maatschep Whey-eiwitpoeder (30 g)
240 g Amandelmelk",,,,,,,,
"Ei en Groenten 
Sandwich",lunch,635,74.5,5.3,24.2,31.2,,yes,,"1 Bestrijk beide kanten van het brood met olijfolie en rooster het een paar minuten in een hete pan of onder de grill. Houd het brood goed in de gaten zodat het niet verbrandt.

2 Kook de eieren in een koekenpan naar wens en voeg de spinazie toe. 

3 Stapel de eieren op het geroosterde brood. Voeg een kneepje citroensap toe, wat geschaafde parmezaan en zout en peper naar smaak.

4 Eet Smakelijk","50 g spinazie
2 sneetjes zuurdesembrood (128 g)
9 g Olijfolie
2 grote eieren (100 g)
1 partje citroensap (5.9 g)
7 g Parmezaanse kaas
1 scheutje Zout
1 scheutje Peper",,,,,,,,
